instance,generation,min,avg,max,std,execution_time,best_makespan
ins73_m=2_j=15_t=15_var=13,0,88.0,98.58,115.0,4.909541730141418,,
ins73_m=2_j=15_t=15_var=13,1,87.0,94.85,104.0,3.848051454957431,,
ins73_m=2_j=15_t=15_var=13,2,87.0,92.31,98.0,2.4967779236447925,,
ins73_m=2_j=15_t=15_var=13,3,87.0,90.68,100.0,2.3404273114113154,,
ins73_m=2_j=15_t=15_var=13,4,87.0,89.29,97.0,1.8936472744415733,,
ins73_m=2_j=15_t=15_var=13,5,87.0,88.47,94.0,1.7745703705404303,,
ins73_m=2_j=15_t=15_var=13,6,87.0,87.37,92.0,0.9450396817065408,,
ins73_m=2_j=15_t=15_var=13,7,87.0,87.44,93.0,1.259523719506703,,
ins73_m=2_j=15_t=15_var=13,8,87.0,87.53,95.0,1.6398475538902995,,
ins73_m=2_j=15_t=15_var=13,9,87.0,87.22,93.0,0.8897190567814092,,
ins73_m=2_j=15_t=15_var=13,10,87.0,87.08,91.0,0.48332183894378283,,
ins73_m=2_j=15_t=15_var=13,11,87.0,87.25,91.0,0.8411301920630361,,
ins73_m=2_j=15_t=15_var=13,12,87.0,87.1,91.0,0.5916079783099615,,
ins73_m=2_j=15_t=15_var=13,13,87.0,87.43,95.0,1.2903875386875059,,
ins73_m=2_j=15_t=15_var=13,14,87.0,87.28,93.0,1.020588065773846,,
ins73_m=2_j=15_t=15_var=13,15,87.0,87.3,93.0,1.03440804327886,,
ins73_m=2_j=15_t=15_var=13,16,87.0,87.24,93.0,0.9911609354691094,,
ins73_m=2_j=15_t=15_var=13,17,87.0,87.3,93.0,1.03440804327886,,
ins73_m=2_j=15_t=15_var=13,18,87.0,87.64,95.0,1.717672844286711,,
ins73_m=2_j=15_t=15_var=13,19,87.0,87.19,93.0,0.8330066026148893,,
ins73_m=2_j=15_t=15_var=13,20,87.0,87.32,95.0,1.2237646832622684,,
ins73_m=2_j=15_t=15_var=13,21,87.0,87.3,93.0,1.14455231422596,,
ins73_m=2_j=15_t=15_var=13,22,85.0,87.16,93.0,0.8333066662399864,,
ins73_m=2_j=15_t=15_var=13,23,85.0,87.14,91.0,0.9057593499379402,,
ins73_m=2_j=15_t=15_var=13,24,85.0,87.11,95.0,1.6241613220366995,,
ins73_m=2_j=15_t=15_var=13,25,85.0,86.55,95.0,1.5321553446044565,,
ins73_m=2_j=15_t=15_var=13,26,85.0,85.99,95.0,1.7691523393987305,,
ins73_m=2_j=15_t=15_var=13,27,85.0,85.61,95.0,1.586789210953994,,
ins73_m=2_j=15_t=15_var=13,28,85.0,85.44,95.0,1.7338973441354597,,
ins73_m=2_j=15_t=15_var=13,29,85.0,85.43,95.0,1.6325133996387287,,
ins73_m=2_j=15_t=15_var=13,30,85.0,85.31,95.0,1.3091600360536524,,
ins73_m=2_j=15_t=15_var=13,31,85.0,85.78,95.0,2.225219090336949,,
ins73_m=2_j=15_t=15_var=13,32,85.0,85.34,93.0,1.3580868897091964,,
ins73_m=2_j=15_t=15_var=13,33,85.0,85.58,95.0,1.8824452183264193,,
ins73_m=2_j=15_t=15_var=13,34,85.0,85.66,95.0,2.0406861591141348,,
ins73_m=2_j=15_t=15_var=13,35,85.0,85.47,95.0,1.6700598791660133,,
ins73_m=2_j=15_t=15_var=13,36,85.0,85.54,95.0,1.785609139761555,,
ins73_m=2_j=15_t=15_var=13,37,85.0,85.64,95.0,2.0761502835777566,,
ins73_m=2_j=15_t=15_var=13,38,85.0,85.45,95.0,1.6147755261955141,,
ins73_m=2_j=15_t=15_var=13,39,85.0,85.28,95.0,1.3272528018429646,,
ins73_m=2_j=15_t=15_var=13,40,85.0,85.82,95.0,2.1558293067866017,,
ins73_m=2_j=15_t=15_var=13,41,85.0,85.56,95.0,1.9407215153133126,,
ins73_m=2_j=15_t=15_var=13,42,85.0,85.76,95.0,2.362710308099577,,
ins73_m=2_j=15_t=15_var=13,43,85.0,85.64,93.0,1.9571407716360107,,
ins73_m=2_j=15_t=15_var=13,44,85.0,85.34,93.0,1.2978443666326096,,
ins73_m=2_j=15_t=15_var=13,45,85.0,85.54,95.0,1.740229869873518,,
ins73_m=2_j=15_t=15_var=13,46,85.0,85.48,93.0,1.7232527382830414,,
ins73_m=2_j=15_t=15_var=13,47,85.0,85.62,95.0,2.0917934888511343,,
ins73_m=2_j=15_t=15_var=13,48,85.0,85.5,95.0,1.7748239349298849,,
ins73_m=2_j=15_t=15_var=13,49,85.0,85.64,95.0,2.0175232340669584,,
ins73_m=2_j=15_t=15_var=13,50,85.0,85.42,95.0,1.5822768405054786,,
ins73_m=2_j=15_t=15_var=13,51,85.0,85.54,95.0,1.9970978944458382,,
ins73_m=2_j=15_t=15_var=13,52,85.0,85.68,95.0,1.9436048981210146,,
ins73_m=2_j=15_t=15_var=13,53,85.0,85.24,91.0,0.9068627239003706,,
ins73_m=2_j=15_t=15_var=13,54,85.0,85.58,93.0,1.7503142574977788,,
ins73_m=2_j=15_t=15_var=13,55,85.0,85.48,93.0,1.6761861471805573,,
ins73_m=2_j=15_t=15_var=13,56,85.0,85.58,93.0,1.8394564414522028,,
ins73_m=2_j=15_t=15_var=13,57,85.0,85.38,93.0,1.4613692209705254,,
ins73_m=2_j=15_t=15_var=13,58,85.0,85.48,93.0,1.5263027222671128,,
ins73_m=2_j=15_t=15_var=13,59,85.0,85.38,93.0,1.4884891669071698,,
ins73_m=2_j=15_t=15_var=13,60,85.0,85.48,95.0,1.5522886329545804,,
ins73_m=2_j=15_t=15_var=13,61,85.0,85.62,95.0,2.0531926358722408,,
ins73_m=2_j=15_t=15_var=13,62,85.0,85.4,93.0,1.469693845669907,,
ins73_m=2_j=15_t=15_var=13,63,85.0,85.82,95.0,2.060970645108755,,
ins73_m=2_j=15_t=15_var=13,64,85.0,85.32,91.0,1.1906300852909772,,
ins73_m=2_j=15_t=15_var=13,65,85.0,85.52,95.0,1.8465102220134064,,
ins73_m=2_j=15_t=15_var=13,66,85.0,85.46,95.0,1.621234097840284,,
ins73_m=2_j=15_t=15_var=13,67,85.0,85.3,95.0,1.3674794331177345,,
ins73_m=2_j=15_t=15_var=13,68,85.0,85.3,95.0,1.4525839046333953,,
ins73_m=2_j=15_t=15_var=13,69,85.0,85.34,95.0,1.4437451298619157,,
ins73_m=2_j=15_t=15_var=13,70,85.0,85.26,93.0,1.1542963224406464,,
ins73_m=2_j=15_t=15_var=13,71,85.0,85.62,95.0,1.9119623427254002,,
ins73_m=2_j=15_t=15_var=13,72,85.0,85.28,91.0,1.0961751684835779,,
ins73_m=2_j=15_t=15_var=13,73,85.0,85.42,95.0,1.5822768405054786,,
ins73_m=2_j=15_t=15_var=13,74,85.0,85.24,91.0,1.0307278981380101,,
ins73_m=2_j=15_t=15_var=13,75,85.0,85.46,91.0,1.438193311067744,,
ins73_m=2_j=15_t=15_var=13,76,85.0,85.52,95.0,1.6642115250171774,,
ins73_m=2_j=15_t=15_var=13,77,85.0,85.38,95.0,1.4884891669071696,,
ins73_m=2_j=15_t=15_var=13,78,85.0,85.8,95.0,2.244994432064365,,
ins73_m=2_j=15_t=15_var=13,79,85.0,85.24,93.0,0.9911609354691094,,
ins73_m=2_j=15_t=15_var=13,80,85.0,85.56,95.0,2.0800000000000005,,
ins73_m=2_j=15_t=15_var=13,81,85.0,85.46,93.0,1.621234097840284,,
ins73_m=2_j=15_t=15_var=13,82,85.0,85.3,91.0,1.0344080432788603,,
ins73_m=2_j=15_t=15_var=13,83,85.0,85.4,93.0,1.3856406460551016,,
ins73_m=2_j=15_t=15_var=13,84,85.0,85.24,95.0,1.241933975700802,,
ins73_m=2_j=15_t=15_var=13,85,85.0,85.52,93.0,1.734819875376115,,
ins73_m=2_j=15_t=15_var=13,86,85.0,85.42,95.0,1.5567915724335097,,
ins73_m=2_j=15_t=15_var=13,87,85.0,85.58,95.0,1.8394564414522026,,
ins73_m=2_j=15_t=15_var=13,88,85.0,85.5,95.0,1.5329709716755893,,
ins73_m=2_j=15_t=15_var=13,89,85.0,85.1,89.0,0.5196152422706632,,
ins73_m=2_j=15_t=15_var=13,90,85.0,85.42,95.0,1.6563815985454557,,
ins73_m=2_j=15_t=15_var=13,91,85.0,85.26,91.0,0.9656086163658648,,
ins73_m=2_j=15_t=15_var=13,92,85.0,85.38,95.0,1.5412981541544777,,
ins73_m=2_j=15_t=15_var=13,93,85.0,85.36,93.0,1.3676256797823008,,
ins73_m=2_j=15_t=15_var=13,94,85.0,85.38,95.0,1.5151237573214933,,
ins73_m=2_j=15_t=15_var=13,95,85.0,85.36,93.0,1.3078226179417451,,
ins73_m=2_j=15_t=15_var=13,96,85.0,85.14,91.0,0.8604649905719579,,
ins73_m=2_j=15_t=15_var=13,97,85.0,85.4,91.0,1.2649110640673515,,
ins73_m=2_j=15_t=15_var=13,98,85.0,85.54,95.0,1.7170905625505022,,
ins73_m=2_j=15_t=15_var=13,99,85.0,85.48,95.0,1.5778466338652815,,
ins73_m=2_j=15_t=15_var=13,100,85.0,85.48,93.0,1.5263027222671128,,
ins73_m=2_j=15_t=15_var=13,101,85.0,85.38,95.0,1.4055603864651276,,
ins73_m=2_j=15_t=15_var=13,102,85.0,85.3,93.0,1.1090536506409419,,
ins73_m=2_j=15_t=15_var=13,103,85.0,85.54,95.0,1.8730723424363513,,
ins73_m=2_j=15_t=15_var=13,104,85.0,85.44,95.0,1.6871277367170514,,
ins73_m=2_j=15_t=15_var=13,105,85.0,85.36,91.0,1.3676256797823005,,
ins73_m=2_j=15_t=15_var=13,106,85.0,85.44,95.0,1.6632498309033434,,
ins73_m=2_j=15_t=15_var=13,107,85.0,85.76,97.0,2.429485542249634,,
ins73_m=2_j=15_t=15_var=13,108,85.0,85.52,95.0,1.8680471086136987,,
ins73_m=2_j=15_t=15_var=13,109,85.0,85.2,91.0,0.824621125123532,,
ins73_m=2_j=15_t=15_var=13,110,85.0,85.3,93.0,1.1789826122551597,,
ins73_m=2_j=15_t=15_var=13,111,85.0,85.36,93.0,1.3078226179417451,,
ins73_m=2_j=15_t=15_var=13,112,85.0,85.28,93.0,1.233531515608742,,
ins73_m=2_j=15_t=15_var=13,113,85.0,85.56,95.0,1.722324011328879,,
ins73_m=2_j=15_t=15_var=13,114,85.0,85.44,95.0,1.6144348856488453,,
ins73_m=2_j=15_t=15_var=13,115,85.0,85.12,95.0,1.0127191120937726,,
ins73_m=2_j=15_t=15_var=13,116,85.0,85.34,95.0,1.5245983077519139,,
ins73_m=2_j=15_t=15_var=13,117,85.0,85.5,95.0,1.7748239349298849,,
ins73_m=2_j=15_t=15_var=13,118,85.0,85.72,95.0,2.126405417600322,,
ins73_m=2_j=15_t=15_var=13,119,85.0,85.36,93.0,1.4527215837867897,,
ins73_m=2_j=15_t=15_var=13,120,85.0,85.32,93.0,1.3181805642627265,,
ins73_m=2_j=15_t=15_var=13,121,85.0,85.46,95.0,1.6936351437071677,,
ins73_m=2_j=15_t=15_var=13,122,85.0,85.62,95.0,1.8909256992277619,,
ins73_m=2_j=15_t=15_var=13,123,85.0,85.6,95.0,1.9493588689617927,,
ins73_m=2_j=15_t=15_var=13,124,85.0,85.58,95.0,1.7730200224475754,,
ins73_m=2_j=15_t=15_var=13,125,85.0,85.3,91.0,1.2449899597988732,,
ins73_m=2_j=15_t=15_var=13,126,85.0,85.5,93.0,1.5588457268119895,,
ins73_m=2_j=15_t=15_var=13,127,85.0,85.28,91.0,1.0590561835898982,,
ins73_m=2_j=15_t=15_var=13,128,85.0,85.82,95.0,2.2994782016796766,,
ins73_m=2_j=15_t=15_var=13,129,85.0,85.12,95.0,1.0127191120937729,,
ins73_m=2_j=15_t=15_var=13,130,85.0,85.42,93.0,1.5822768405054788,,
ins73_m=2_j=15_t=15_var=13,131,85.0,85.66,95.0,1.9810098434889212,,
ins73_m=2_j=15_t=15_var=13,132,85.0,85.44,95.0,1.8884914614580606,,
ins73_m=2_j=15_t=15_var=13,133,85.0,85.68,95.0,2.0439178065665944,,
ins73_m=2_j=15_t=15_var=13,134,85.0,85.2,91.0,0.8246211251235321,,
ins73_m=2_j=15_t=15_var=13,135,85.0,85.4,93.0,1.414213562373095,,
ins73_m=2_j=15_t=15_var=13,136,85.0,85.42,95.0,1.8610749581894868,,
ins73_m=2_j=15_t=15_var=13,137,85.0,85.36,93.0,1.3965672200076873,,
ins73_m=2_j=15_t=15_var=13,138,85.0,85.36,91.0,1.2126005112979297,,
ins73_m=2_j=15_t=15_var=13,139,85.0,85.14,89.0,0.7073895673530958,,
ins73_m=2_j=15_t=15_var=13,140,85.0,85.36,95.0,1.4527215837867902,,
ins73_m=2_j=15_t=15_var=13,141,85.0,85.32,93.0,1.2560254774486064,,
ins73_m=2_j=15_t=15_var=13,142,85.0,85.54,95.0,1.8730723424363513,,
ins73_m=2_j=15_t=15_var=13,143,85.0,85.46,93.0,1.5963708842245907,,
ins73_m=2_j=15_t=15_var=13,144,85.0,85.5,95.0,1.705872210923198,,
ins73_m=2_j=15_t=15_var=13,145,85.0,85.62,95.0,2.0138520303140446,,
ins73_m=2_j=15_t=15_var=13,146,85.0,85.44,95.0,1.5894653189044423,,
ins73_m=2_j=15_t=15_var=13,147,85.0,85.24,95.0,1.3047605144240073,,
ins73_m=2_j=15_t=15_var=13,148,85.0,85.6,95.0,2.0880613017821106,,
ins73_m=2_j=15_t=15_var=13,149,85.0,85.4,91.0,1.1999999999999997,,
ins73_m=2_j=15_t=15_var=13,150,85.0,85.58,95.0,1.9244739540975868,,
ins73_m=2_j=15_t=15_var=13,151,85.0,85.36,95.0,1.506784656146989,,
ins73_m=2_j=15_t=15_var=13,152,85.0,85.3,95.0,1.3964240043768943,,
ins73_m=2_j=15_t=15_var=13,153,85.0,85.36,95.0,1.4249210504445502,,
ins73_m=2_j=15_t=15_var=13,154,85.0,85.18,93.0,1.0235233265539188,,
ins73_m=2_j=15_t=15_var=13,155,85.0,85.48,95.0,1.6761861471805573,,
ins73_m=2_j=15_t=15_var=13,156,85.0,85.5,95.0,1.6822603841260722,,
ins73_m=2_j=15_t=15_var=13,157,85.0,85.56,95.0,1.768162888424028,,
ins73_m=2_j=15_t=15_var=13,158,85.0,85.66,95.0,1.9810098434889212,,
ins73_m=2_j=15_t=15_var=13,159,85.0,85.28,91.0,1.0590561835898982,,
ins73_m=2_j=15_t=15_var=13,160,85.0,85.32,95.0,1.4344336861632883,,
ins73_m=2_j=15_t=15_var=13,161,85.0,85.46,95.0,1.4927826365549675,,
ins73_m=2_j=15_t=15_var=13,162,85.0,85.56,95.0,1.8778711350888806,,
ins73_m=2_j=15_t=15_var=13,163,85.0,85.4,93.0,1.3266499161421597,,
ins73_m=2_j=15_t=15_var=13,164,85.0,85.56,95.0,1.812843070979946,,
ins73_m=2_j=15_t=15_var=13,165,85.0,85.34,95.0,1.3872274507087867,,
ins73_m=2_j=15_t=15_var=13,166,85.0,85.66,95.0,2.0601941656067275,,
ins73_m=2_j=15_t=15_var=13,167,85.0,85.18,93.0,1.0235233265539188,,
ins73_m=2_j=15_t=15_var=13,168,85.0,85.52,93.0,1.780337046741431,,
ins73_m=2_j=15_t=15_var=13,169,85.0,85.24,93.0,1.0307278981380101,,
ins73_m=2_j=15_t=15_var=13,170,85.0,85.56,95.0,1.675231327309754,,
ins73_m=2_j=15_t=15_var=13,171,85.0,85.24,91.0,1.1056219968868204,,
ins73_m=2_j=15_t=15_var=13,172,85.0,85.56,95.0,1.9200000000000002,,
ins73_m=2_j=15_t=15_var=13,173,85.0,85.54,95.0,1.80787167686205,,
ins73_m=2_j=15_t=15_var=13,174,85.0,85.3,93.0,1.2767145334803707,,
ins73_m=2_j=15_t=15_var=13,175,85.0,85.4,95.0,1.5491933384829666,,
ins73_m=2_j=15_t=15_var=13,176,85.0,85.32,93.0,1.1214276615100949,,
ins73_m=2_j=15_t=15_var=13,177,85.0,85.66,95.0,2.0406861591141348,,
ins73_m=2_j=15_t=15_var=13,178,85.0,85.54,95.0,1.7402298698735177,,
ins73_m=2_j=15_t=15_var=13,179,85.0,85.36,93.0,1.3380582946942183,,
ins73_m=2_j=15_t=15_var=13,180,85.0,85.42,95.0,1.7039953051578516,,
ins73_m=2_j=15_t=15_var=13,181,85.0,85.36,95.0,1.3380582946942186,,
ins73_m=2_j=15_t=15_var=13,182,85.0,85.56,95.0,1.8347751905887546,,
ins73_m=2_j=15_t=15_var=13,183,85.0,85.38,95.0,1.5670354175959134,,
ins73_m=2_j=15_t=15_var=13,184,85.0,85.58,95.0,1.9035755829490986,,
ins73_m=2_j=15_t=15_var=13,185,85.0,85.34,95.0,1.6505756571572237,,
ins73_m=2_j=15_t=15_var=13,186,85.0,85.3,95.0,1.3379088160259653,,
ins73_m=2_j=15_t=15_var=13,187,85.0,85.66,95.0,2.0601941656067275,,
ins73_m=2_j=15_t=15_var=13,188,85.0,85.24,93.0,1.2092973166264784,,
ins73_m=2_j=15_t=15_var=13,189,85.0,85.4,95.0,1.5231546211727816,,
ins73_m=2_j=15_t=15_var=13,190,85.0,85.26,93.0,1.2539537471533788,,
ins73_m=2_j=15_t=15_var=13,191,85.0,85.36,95.0,1.3965672200076873,,
ins73_m=2_j=15_t=15_var=13,192,85.0,85.44,95.0,1.5120846537148642,,
ins73_m=2_j=15_t=15_var=13,193,85.0,85.04,87.0,0.28,,
ins73_m=2_j=15_t=15_var=13,194,85.0,85.18,91.0,0.8529947244854448,,
ins73_m=2_j=15_t=15_var=13,195,85.0,85.52,95.0,1.7577258034175862,,
ins73_m=2_j=15_t=15_var=13,196,85.0,85.36,93.0,1.2451505933018705,,
ins73_m=2_j=15_t=15_var=13,197,85.0,85.36,93.0,1.3380582946942183,,
ins73_m=2_j=15_t=15_var=13,198,85.0,85.36,95.0,1.4527215837867902,,
ins73_m=2_j=15_t=15_var=13,199,85.0,85.12,89.0,0.6823488843692794,,
ins73_m=2_j=15_t=15_var=13,200,85.0,85.32,95.0,1.4891608375189025,,
ins73_m=2_j=15_t=15_var=13,201,85.0,85.3,93.0,1.212435565298214,,
ins73_m=2_j=15_t=15_var=13,202,85.0,85.4,93.0,1.414213562373095,,
ins73_m=2_j=15_t=15_var=13,203,85.0,85.5,95.0,1.9261360284258222,,
ins73_m=2_j=15_t=15_var=13,204,85.0,85.32,93.0,1.377534028617805,,
ins73_m=2_j=15_t=15_var=13,205,85.0,85.64,95.0,1.9158288023724874,,
ins73_m=2_j=15_t=15_var=13,206,85.0,85.32,95.0,1.515783625719713,,
ins73_m=2_j=15_t=15_var=13,207,85.0,85.48,91.0,1.4455448799674122,,
ins73_m=2_j=15_t=15_var=13,208,85.0,85.26,95.0,1.2216382443260358,,
ins73_m=2_j=15_t=15_var=13,209,85.0,85.4,93.0,1.4422205101855956,,
ins73_m=2_j=15_t=15_var=13,210,85.0,85.08,91.0,0.6273754856543249,,
ins73_m=2_j=15_t=15_var=13,211,85.0,85.58,95.0,2.0257344347174437,,
ins73_m=2_j=15_t=15_var=13,212,85.0,85.56,95.0,1.9612241075410022,,
ins73_m=2_j=15_t=15_var=13,213,85.0,85.4,95.0,1.6492422502470643,,
ins73_m=2_j=15_t=15_var=13,214,85.0,85.5,93.0,1.5329709716755893,,
ins73_m=2_j=15_t=15_var=13,215,85.0,85.58,95.0,1.9451478092936796,,
ins73_m=2_j=15_t=15_var=13,216,85.0,85.34,91.0,1.168075340035907,,
ins73_m=2_j=15_t=15_var=13,217,85.0,85.42,95.0,1.47770091696527,,
ins73_m=2_j=15_t=15_var=13,218,85.0,85.48,95.0,1.5522886329545804,,
ins73_m=2_j=15_t=15_var=13,219,85.0,85.72,93.0,2.049780476051033,,
ins73_m=2_j=15_t=15_var=13,220,85.0,85.68,95.0,1.9843386807699936,,
ins73_m=2_j=15_t=15_var=13,221,85.0,85.56,95.0,1.8347751905887544,,
ins73_m=2_j=15_t=15_var=13,222,85.0,85.28,95.0,1.4147791347061915,,
ins73_m=2_j=15_t=15_var=13,223,85.0,85.48,95.0,1.6761861471805573,,
ins73_m=2_j=15_t=15_var=13,224,85.0,85.34,95.0,1.524598307751914,,
ins73_m=2_j=15_t=15_var=13,225,85.0,85.54,95.0,1.9566297554724041,,
ins73_m=2_j=15_t=15_var=13,226,85.0,85.42,93.0,1.5045265035884212,,
ins73_m=2_j=15_t=15_var=13,227,85.0,85.3,93.0,1.1789826122551597,,
ins73_m=2_j=15_t=15_var=13,228,85.0,85.12,89.0,0.6209669878504012,,
ins73_m=2_j=15_t=15_var=13,229,85.0,85.54,93.0,1.785609139761555,,
ins73_m=2_j=15_t=15_var=13,230,85.0,85.42,91.0,1.3052202879207784,,
ins73_m=2_j=15_t=15_var=13,231,85.0,85.3,93.0,1.2767145334803705,,
ins73_m=2_j=15_t=15_var=13,232,85.0,85.6,95.0,2.0493901531919203,,
ins73_m=2_j=15_t=15_var=13,233,85.0,85.6,95.0,1.9697715603592212,,
ins73_m=2_j=15_t=15_var=13,234,85.0,85.42,95.0,1.47770091696527,,
ins73_m=2_j=15_t=15_var=13,235,85.0,85.38,93.0,1.4613692209705254,,
ins73_m=2_j=15_t=15_var=13,236,85.0,85.12,89.0,0.5528109984434102,,
ins73_m=2_j=15_t=15_var=13,237,85.0,85.44,95.0,1.7338973441354597,,
ins73_m=2_j=15_t=15_var=13,238,85.0,85.44,95.0,1.4853955702101715,,
ins73_m=2_j=15_t=15_var=13,239,85.0,85.56,95.0,1.7681628884240277,,
ins73_m=2_j=15_t=15_var=13,240,85.0,85.24,93.0,1.068831137270991,,
ins73_m=2_j=15_t=15_var=13,241,85.0,85.42,93.0,1.530882098660769,,
ins73_m=2_j=15_t=15_var=13,242,85.0,85.42,95.0,1.5822768405054786,,
ins73_m=2_j=15_t=15_var=13,243,85.0,85.3,91.0,1.1789826122551597,,
ins73_m=2_j=15_t=15_var=13,244,85.0,85.44,95.0,1.7106723824274481,,
ins73_m=2_j=15_t=15_var=13,245,85.0,85.42,91.0,1.3941305534274757,,
ins73_m=2_j=15_t=15_var=13,246,85.0,85.46,93.0,1.3814485151463303,,
ins73_m=2_j=15_t=15_var=13,247,85.0,85.56,93.0,1.7906423428479514,,
ins73_m=2_j=15_t=15_var=13,248,85.0,85.28,91.0,1.0961751684835779,,
ins73_m=2_j=15_t=15_var=13,249,85.0,85.3,93.0,1.2767145334803707,,
ins73_m=2_j=15_t=15_var=13,250,85.0,85.42,93.0,1.4503792607452712,,
ins73_m=2_j=15_t=15_var=13,251,85.0,85.2,91.0,0.8717797887081347,,
ins73_m=2_j=15_t=15_var=13,252,85.0,85.48,95.0,1.746310396235446,,
ins73_m=2_j=15_t=15_var=13,253,85.0,85.32,95.0,1.3775340286178048,,
ins73_m=2_j=15_t=15_var=13,254,85.0,85.38,93.0,1.2867012085173466,,
ins73_m=2_j=15_t=15_var=13,255,85.0,85.4,93.0,1.414213562373095,,
ins73_m=2_j=15_t=15_var=13,256,85.0,85.28,93.0,1.3272528018429646,,
ins73_m=2_j=15_t=15_var=13,257,85.0,85.5,93.0,1.5588457268119895,,
ins73_m=2_j=15_t=15_var=13,258,85.0,85.18,91.0,0.8047359815492283,,
ins73_m=2_j=15_t=15_var=13,259,85.0,85.38,93.0,1.4884891669071694,,
ins73_m=2_j=15_t=15_var=13,260,85.0,85.6,95.0,1.8654758106177634,,
ins73_m=2_j=15_t=15_var=13,261,85.0,85.24,93.0,1.273734666247253,,
ins73_m=2_j=15_t=15_var=13,262,85.0,85.54,95.0,1.6457217261736568,,
ins73_m=2_j=15_t=15_var=13,263,85.0,85.36,93.0,1.2768711759609894,,
ins73_m=2_j=15_t=15_var=13,264,85.0,85.38,95.0,1.5923567439490436,,
ins73_m=2_j=15_t=15_var=13,265,85.0,85.48,95.0,1.7690675509996787,,
ins73_m=2_j=15_t=15_var=13,266,85.0,85.62,95.0,1.9938906690187406,,
ins73_m=2_j=15_t=15_var=13,267,85.0,85.46,93.0,1.519341962824696,,
ins73_m=2_j=15_t=15_var=13,268,85.0,85.36,95.0,1.533101431738944,,
ins73_m=2_j=15_t=15_var=13,269,85.0,85.26,95.0,1.2854571171377127,,
ins73_m=2_j=15_t=15_var=13,270,85.0,85.36,93.0,1.4527215837867902,,
ins73_m=2_j=15_t=15_var=13,271,85.0,85.48,95.0,1.6761861471805573,,
ins73_m=2_j=15_t=15_var=13,272,85.0,85.46,95.0,1.571114254279427,,
ins73_m=2_j=15_t=15_var=13,273,85.0,85.78,95.0,2.2071701339044982,,
ins73_m=2_j=15_t=15_var=13,274,85.0,85.24,93.0,1.2092973166264784,,
ins73_m=2_j=15_t=15_var=13,275,85.0,85.6,95.0,1.8867962264113212,,
ins73_m=2_j=15_t=15_var=13,276,85.0,85.88,95.0,2.303388807822075,,
ins73_m=2_j=15_t=15_var=13,277,85.0,85.54,95.0,1.7170905625505026,,
ins73_m=2_j=15_t=15_var=13,278,85.0,85.5,95.0,1.6583123951777,,
ins73_m=2_j=15_t=15_var=13,279,85.0,85.3,95.0,1.4525839046333953,,
ins73_m=2_j=15_t=15_var=13,280,85.0,85.46,95.0,1.6936351437071682,,
ins73_m=2_j=15_t=15_var=13,281,85.0,85.42,95.0,1.5822768405054786,,
ins73_m=2_j=15_t=15_var=13,282,85.0,85.2,91.0,0.8717797887081347,,
ins73_m=2_j=15_t=15_var=13,283,85.0,85.22,93.0,1.01567711404757,,
ins73_m=2_j=15_t=15_var=13,284,85.0,85.4,93.0,1.3564659966250534,,
ins73_m=2_j=15_t=15_var=13,285,85.0,85.64,95.0,2.017523234066959,,
ins73_m=2_j=15_t=15_var=13,286,85.0,85.6,95.0,2.0688160865577205,,
ins73_m=2_j=15_t=15_var=13,287,85.0,85.32,93.0,1.2874781551544865,,
ins73_m=2_j=15_t=15_var=13,288,85.0,85.52,91.0,1.4864723340849635,,
ins73_m=2_j=15_t=15_var=13,289,85.0,85.3,91.0,1.0344080432788603,,
ins73_m=2_j=15_t=15_var=13,290,85.0,85.48,95.0,1.7915356541246954,,
ins73_m=2_j=15_t=15_var=13,291,85.0,85.48,95.0,1.8998947339260668,,
ins73_m=2_j=15_t=15_var=13,292,85.0,85.58,95.0,1.861074958189487,,
ins73_m=2_j=15_t=15_var=13,293,85.0,85.72,95.0,2.1075103795711185,,
ins73_m=2_j=15_t=15_var=13,294,85.0,85.36,91.0,1.2768711759609894,,
ins73_m=2_j=15_t=15_var=13,295,85.0,85.52,93.0,1.5904716281656832,,
ins73_m=2_j=15_t=15_var=13,296,85.0,85.54,95.0,1.9153067639414845,,
ins73_m=2_j=15_t=15_var=13,297,85.0,85.46,93.0,1.4101063789657857,,
ins73_m=2_j=15_t=15_var=13,298,85.0,85.38,95.0,1.7820213242270702,,
ins73_m=2_j=15_t=15_var=13,299,85.0,85.82,93.0,2.1743044864967738,,
ins73_m=2_j=15_t=15_var=13,300,85.0,85.6,95.0,1.7320508075688779,,
ins73_m=2_j=15_t=15_var=13,301,85.0,85.68,93.0,1.8378248012256226,,
ins73_m=2_j=15_t=15_var=13,302,85.0,85.4,93.0,1.4422205101855956,,
ins73_m=2_j=15_t=15_var=13,303,85.0,85.22,93.0,1.0543244282477762,,
ins73_m=2_j=15_t=15_var=13,304,85.0,85.54,95.0,1.7402298698735175,,
ins73_m=2_j=15_t=15_var=13,305,85.0,85.46,93.0,1.5193419628246965,,
ins73_m=2_j=15_t=15_var=13,306,85.0,85.26,95.0,1.2539537471533788,,
ins73_m=2_j=15_t=15_var=13,307,85.0,85.54,95.0,1.763065512112355,,
ins73_m=2_j=15_t=15_var=13,308,85.0,85.3,93.0,1.2767145334803702,,
ins73_m=2_j=15_t=15_var=13,309,85.0,85.36,95.0,1.48,,
ins73_m=2_j=15_t=15_var=13,310,85.0,85.4,91.0,1.296148139681572,,
ins73_m=2_j=15_t=15_var=13,311,85.0,85.36,93.0,1.2126005112979295,,
ins73_m=2_j=15_t=15_var=13,312,85.0,85.14,91.0,0.7618398781896363,,
ins73_m=2_j=15_t=15_var=13,313,85.0,85.48,93.0,1.5263027222671128,,
ins73_m=2_j=15_t=15_var=13,314,85.0,85.7,95.0,2.0856653614614213,,
ins73_m=2_j=15_t=15_var=13,315,85.0,85.46,95.0,1.54544491975612,,
ins73_m=2_j=15_t=15_var=13,316,85.0,85.68,95.0,1.9843386807699936,,
ins73_m=2_j=15_t=15_var=13,317,85.0,85.48,91.0,1.2998461447417535,,
ins73_m=2_j=15_t=15_var=13,318,85.0,85.2,93.0,1.1489125293076055,,
ins73_m=2_j=15_t=15_var=13,319,85.0,85.46,95.0,1.8078716768620497,,
ins73_m=2_j=15_t=15_var=13,320,85.0,85.54,93.0,1.54544491975612,,
ins73_m=2_j=15_t=15_var=13,321,85.0,85.1,91.0,0.714142842854285,,
ins73_m=2_j=15_t=15_var=13,322,85.0,85.5,95.0,1.705872210923198,,
ins73_m=2_j=15_t=15_var=13,323,85.0,85.62,95.0,2.0531926358722408,,
ins73_m=2_j=15_t=15_var=13,324,85.0,85.3,93.0,1.3076696830622019,,
ins73_m=2_j=15_t=15_var=13,325,85.0,85.64,95.0,1.9158288023724879,,
ins73_m=2_j=15_t=15_var=13,326,85.0,85.36,93.0,1.3078226179417451,,
ins73_m=2_j=15_t=15_var=13,327,85.0,85.4,93.0,1.4422205101855956,,
ins73_m=2_j=15_t=15_var=13,328,85.0,85.3,95.0,1.3076696830622023,,
ins73_m=2_j=15_t=15_var=13,329,85.0,85.24,93.0,1.0688311372709909,,
ins73_m=2_j=15_t=15_var=13,330,85.0,85.34,95.0,1.4437451298619155,,
ins73_m=2_j=15_t=15_var=13,331,85.0,85.42,95.0,1.47770091696527,,
ins73_m=2_j=15_t=15_var=13,332,85.0,85.36,93.0,1.3380582946942183,,
ins73_m=2_j=15_t=15_var=13,333,85.0,85.44,93.0,1.4305243793798132,,
ins73_m=2_j=15_t=15_var=13,334,85.0,85.7,93.0,1.862793601019716,,
ins73_m=2_j=15_t=15_var=13,335,85.0,85.48,93.0,1.5778466338652815,,
ins73_m=2_j=15_t=15_var=13,336,85.0,85.32,93.0,1.2560254774486066,,
ins73_m=2_j=15_t=15_var=13,337,85.0,85.42,95.0,1.5567915724335097,,
ins73_m=2_j=15_t=15_var=13,338,85.0,85.44,93.0,1.538310761842353,,
ins73_m=2_j=15_t=15_var=13,339,85.0,85.38,95.0,1.4613692209705254,,
ins73_m=2_j=15_t=15_var=13,340,85.0,85.56,93.0,1.6019987515600629,,
ins73_m=2_j=15_t=15_var=13,341,85.0,85.4,91.0,1.1999999999999997,,
ins73_m=2_j=15_t=15_var=13,342,85.0,85.38,93.0,1.3474420210161175,,
ins73_m=2_j=15_t=15_var=13,343,85.0,85.36,93.0,1.3380582946942183,,
ins73_m=2_j=15_t=15_var=13,344,85.0,85.08,91.0,0.6273754856543249,,
ins73_m=2_j=15_t=15_var=13,345,85.0,85.3,91.0,1.1090536506409416,,
ins73_m=2_j=15_t=15_var=13,346,85.0,85.42,95.0,1.6073580808270445,,
ins73_m=2_j=15_t=15_var=13,347,85.0,85.52,93.0,1.7116074316267733,,
ins73_m=2_j=15_t=15_var=13,348,85.0,85.34,93.0,1.2346659467240522,,
ins73_m=2_j=15_t=15_var=13,349,85.0,85.06,89.0,0.44317039612320674,,
ins73_m=2_j=15_t=15_var=13,350,85.0,85.46,93.0,1.5963708842245903,,
ins73_m=2_j=15_t=15_var=13,351,85.0,85.34,95.0,1.3872274507087867,,
ins73_m=2_j=15_t=15_var=13,352,85.0,85.28,91.0,1.020588065773846,,
ins73_m=2_j=15_t=15_var=13,353,85.0,85.28,95.0,1.2655433615645098,,
ins73_m=2_j=15_t=15_var=13,354,85.0,85.36,93.0,1.3078226179417451,,
ins73_m=2_j=15_t=15_var=13,355,85.0,85.44,91.0,1.4022838514366482,,
ins73_m=2_j=15_t=15_var=13,356,85.0,85.46,93.0,1.6698502926909344,,
ins73_m=2_j=15_t=15_var=13,357,85.0,85.48,95.0,1.6998823488700625,,
ins73_m=2_j=15_t=15_var=13,358,85.0,85.5,93.0,1.6093476939431082,,
ins73_m=2_j=15_t=15_var=13,359,85.0,85.62,93.0,1.804328129803446,,
ins73_m=2_j=15_t=15_var=13,360,85.0,85.58,95.0,1.9656042327996757,,
ins73_m=2_j=15_t=15_var=13,361,85.0,85.48,93.0,1.6029971927611104,,
ins73_m=2_j=15_t=15_var=13,362,85.0,85.36,95.0,1.4249210504445502,,
ins73_m=2_j=15_t=15_var=13,363,85.0,85.36,93.0,1.3965672200076873,,
ins73_m=2_j=15_t=15_var=13,364,85.0,85.5,93.0,1.5842979517754858,,
ins73_m=2_j=15_t=15_var=13,365,85.0,85.38,91.0,1.2229472596968358,,
ins73_m=2_j=15_t=15_var=13,366,85.0,85.48,93.0,1.5778466338652815,,
ins73_m=2_j=15_t=15_var=13,367,85.0,85.42,93.0,1.3941305534274757,,
ins73_m=2_j=15_t=15_var=13,368,85.0,85.32,93.0,1.2237646832622684,,
ins73_m=2_j=15_t=15_var=13,369,85.0,85.24,93.0,1.068831137270991,,
ins73_m=2_j=15_t=15_var=13,370,85.0,85.14,91.0,0.7618398781896362,,
ins73_m=2_j=15_t=15_var=13,371,85.0,85.12,93.0,0.84,,
ins73_m=2_j=15_t=15_var=13,372,85.0,85.12,89.0,0.620966987850401,,
ins73_m=2_j=15_t=15_var=13,373,85.0,85.52,95.0,1.7116074316267733,,
ins73_m=2_j=15_t=15_var=13,374,85.0,85.36,95.0,1.5067846561469889,,
ins73_m=2_j=15_t=15_var=13,375,85.0,85.38,93.0,1.6172816699635228,,
ins73_m=2_j=15_t=15_var=13,376,85.0,85.42,95.0,1.6073580808270445,,
ins73_m=2_j=15_t=15_var=13,377,85.0,85.2,91.0,0.8717797887081348,,
ins73_m=2_j=15_t=15_var=13,378,85.0,85.38,91.0,1.3174217244299564,,
ins73_m=2_j=15_t=15_var=13,379,85.0,85.18,91.0,0.9421252570651101,,
ins73_m=2_j=15_t=15_var=13,380,85.0,85.54,95.0,1.936078510804766,,
ins73_m=2_j=15_t=15_var=13,381,85.0,85.34,93.0,1.4437451298619157,,
ins73_m=2_j=15_t=15_var=13,382,85.0,85.22,93.0,1.0916043239196151,,
ins73_m=2_j=15_t=15_var=13,383,85.0,85.54,93.0,1.6457217261736568,,
ins73_m=2_j=15_t=15_var=13,384,85.0,85.56,95.0,1.899052395275075,,
ins73_m=2_j=15_t=15_var=13,385,85.0,85.16,91.0,0.9243376006633074,,
ins73_m=2_j=15_t=15_var=13,386,85.0,85.54,93.0,1.59637088422459,,
ins73_m=2_j=15_t=15_var=13,387,85.0,85.34,93.0,1.2666491226855208,,
ins73_m=2_j=15_t=15_var=13,388,85.0,85.3,93.0,1.14455231422596,,
ins73_m=2_j=15_t=15_var=13,389,85.0,85.24,93.0,1.2092973166264784,,
ins73_m=2_j=15_t=15_var=13,390,85.0,85.32,93.0,1.4062716664997554,,
ins73_m=2_j=15_t=15_var=13,391,85.0,85.44,93.0,1.512084653714864,,
ins73_m=2_j=15_t=15_var=13,392,85.0,85.1,89.0,0.5196152422706631,,
ins73_m=2_j=15_t=15_var=13,393,85.0,85.58,95.0,1.8824452183264193,,
ins73_m=2_j=15_t=15_var=13,394,85.0,85.4,93.0,1.414213562373095,,
ins73_m=2_j=15_t=15_var=13,395,85.0,85.54,93.0,1.669850292690935,,
ins73_m=2_j=15_t=15_var=13,396,85.0,85.48,93.0,1.4729562111617576,,
ins73_m=2_j=15_t=15_var=13,397,85.0,85.22,91.0,0.9335952013587047,,
ins73_m=2_j=15_t=15_var=13,398,85.0,85.26,93.0,1.1191067866830227,,
ins73_m=2_j=15_t=15_var=13,399,85.0,85.52,91.0,1.3151425778218877,,
ins73_m=2_j=15_t=15_var=13,400,85.0,85.34,93.0,1.234665946724052,,
ins73_m=2_j=15_t=15_var=13,401,85.0,85.34,93.0,1.266649122685521,,
ins73_m=2_j=15_t=15_var=13,402,85.0,85.56,93.0,1.5768322675541622,,
ins73_m=2_j=15_t=15_var=13,403,85.0,85.32,95.0,1.2874781551544863,,
ins73_m=2_j=15_t=15_var=13,404,85.0,85.34,93.0,1.2978443666326096,,
ins73_m=2_j=15_t=15_var=13,405,85.0,85.22,91.0,0.889719056781409,,
ins73_m=2_j=15_t=15_var=13,406,85.0,85.38,93.0,1.4613692209705254,,
ins73_m=2_j=15_t=15_var=13,407,85.0,85.3,93.0,1.3379088160259651,,
ins73_m=2_j=15_t=15_var=13,408,85.0,85.3,93.0,1.2124355652982142,,
ins73_m=2_j=15_t=15_var=13,409,85.0,85.42,95.0,1.6563815985454557,,
ins73_m=2_j=15_t=15_var=13,410,85.0,85.4,93.0,1.3266499161421599,,
ins73_m=2_j=15_t=15_var=13,411,85.0,85.3,91.0,1.1445523142259595,,
ins73_m=2_j=15_t=15_var=13,412,85.0,85.34,89.0,1.0603772913449248,,
ins73_m=2_j=15_t=15_var=13,413,85.0,85.24,95.0,1.1757550765359257,,
ins73_m=2_j=15_t=15_var=13,414,85.0,85.68,93.0,1.793766985982293,,
ins73_m=2_j=15_t=15_var=13,415,85.0,85.84,95.0,2.1574058496258877,,
ins73_m=2_j=15_t=15_var=13,416,85.0,85.26,91.0,0.9656086163658648,,
ins73_m=2_j=15_t=15_var=13,417,85.0,85.22,91.0,0.975499871860576,,
ins73_m=2_j=15_t=15_var=13,418,85.0,85.42,93.0,1.3941305534274757,,
ins73_m=2_j=15_t=15_var=13,419,85.0,85.52,95.0,1.780337046741431,,
ins73_m=2_j=15_t=15_var=13,420,85.0,85.36,95.0,1.3676256797823008,,
ins73_m=2_j=15_t=15_var=13,421,85.0,85.2,91.0,1.0392304845413263,,
ins73_m=2_j=15_t=15_var=13,422,85.0,85.44,93.0,1.6390240998838301,,
ins73_m=2_j=15_t=15_var=13,423,85.0,85.44,93.0,1.5640971836813722,,
ins73_m=2_j=15_t=15_var=13,424,85.0,85.22,91.0,1.0543244282477762,,
ins73_m=2_j=15_t=15_var=13,425,85.0,85.22,89.0,0.8435638683585257,,
ins73_m=2_j=15_t=15_var=13,426,85.0,85.4,93.0,1.3564659966250534,,
ins73_m=2_j=15_t=15_var=13,427,85.0,85.44,95.0,1.6144348856488453,,
ins73_m=2_j=15_t=15_var=13,428,85.0,85.38,91.0,1.1556816170554933,,
ins73_m=2_j=15_t=15_var=13,429,85.0,85.42,95.0,1.5822768405054786,,
ins73_m=2_j=15_t=15_var=13,430,85.0,85.58,93.0,1.632053920677868,,
ins73_m=2_j=15_t=15_var=13,431,85.0,85.4,95.0,1.6248076809271923,,
ins73_m=2_j=15_t=15_var=13,432,85.0,85.16,91.0,0.7838367176906169,,
ins73_m=2_j=15_t=15_var=13,433,85.0,85.06,87.0,0.34117444218463966,,
ins73_m=2_j=15_t=15_var=13,434,85.0,85.42,95.0,1.6073580808270445,,
ins73_m=2_j=15_t=15_var=13,435,85.0,85.42,93.0,1.5567915724335097,,
ins73_m=2_j=15_t=15_var=13,436,85.0,85.52,93.0,1.5904716281656832,,
ins73_m=2_j=15_t=15_var=13,437,85.0,85.44,95.0,1.5894653189044423,,
ins73_m=2_j=15_t=15_var=13,438,85.0,85.1,87.0,0.43588989435406733,,
ins73_m=2_j=15_t=15_var=13,439,85.0,85.5,93.0,1.5329709716755893,,
ins73_m=2_j=15_t=15_var=13,440,85.0,85.36,93.0,1.2451505933018705,,
ins73_m=2_j=15_t=15_var=13,441,85.0,85.5,95.0,1.5842979517754858,,
ins73_m=2_j=15_t=15_var=13,442,85.0,85.4,93.0,1.3856406460551016,,
ins73_m=2_j=15_t=15_var=13,443,85.0,85.64,95.0,2.0372530525194947,,
ins73_m=2_j=15_t=15_var=13,444,85.0,85.4,95.0,1.3856406460551018,,
ins73_m=2_j=15_t=15_var=13,445,85.0,85.42,93.0,1.4225329521666623,,
ins73_m=2_j=15_t=15_var=13,446,85.0,85.64,95.0,1.957140771636011,,
ins73_m=2_j=15_t=15_var=13,447,85.0,85.48,93.0,1.6029971927611104,,
ins73_m=2_j=15_t=15_var=13,448,85.0,85.16,89.0,0.7310266752998826,,
ins73_m=2_j=15_t=15_var=13,449,85.0,85.46,95.0,1.519341962824696,,
ins73_m=2_j=15_t=15_var=13,450,85.0,85.44,93.0,1.4305243793798132,,
ins73_m=2_j=15_t=15_var=13,451,85.0,85.34,93.0,1.3872274507087867,,
ins73_m=2_j=15_t=15_var=13,452,85.0,85.66,95.0,1.8559094805512473,,
ins73_m=2_j=15_t=15_var=13,453,85.0,85.32,93.0,1.2237646832622684,,
ins73_m=2_j=15_t=15_var=13,454,85.0,85.5,95.0,1.7291616465790582,,
ins73_m=2_j=15_t=15_var=13,455,85.0,85.42,93.0,1.4225329521666623,,
ins73_m=2_j=15_t=15_var=13,456,85.0,85.48,93.0,1.6029971927611104,,
ins73_m=2_j=15_t=15_var=13,457,85.0,85.18,95.0,1.098908549425292,,
ins73_m=2_j=15_t=15_var=13,458,85.0,85.58,95.0,1.7273100474437129,,
ins73_m=2_j=15_t=15_var=13,459,85.0,85.46,93.0,1.4657421328460203,,
ins73_m=2_j=15_t=15_var=13,460,85.0,85.62,95.0,1.826362505090378,,
ins73_m=2_j=15_t=15_var=13,461,85.0,85.38,91.0,1.1897898974188679,,
ins73_m=2_j=15_t=15_var=13,462,85.0,85.44,95.0,1.538310761842353,,
ins73_m=2_j=15_t=15_var=13,463,85.0,85.42,93.0,1.3052202879207784,,
ins73_m=2_j=15_t=15_var=13,464,85.0,85.74,95.0,2.0910284550909393,,
ins73_m=2_j=15_t=15_var=13,465,85.0,85.12,93.0,0.8863407922464136,,
ins73_m=2_j=15_t=15_var=13,466,85.0,85.42,95.0,1.4503792607452712,,
ins73_m=2_j=15_t=15_var=13,467,85.0,85.58,95.0,1.7503142574977786,,
ins73_m=2_j=15_t=15_var=13,468,85.0,85.24,91.0,1.0307278981380104,,
ins73_m=2_j=15_t=15_var=13,469,85.0,85.48,93.0,1.6277591959500644,,
ins73_m=2_j=15_t=15_var=13,470,85.0,85.52,93.0,1.5904716281656832,,
ins73_m=2_j=15_t=15_var=13,471,85.0,85.22,91.0,0.9335952013587047,,
ins73_m=2_j=15_t=15_var=13,472,85.0,85.22,91.0,1.01567711404757,,
ins73_m=2_j=15_t=15_var=13,473,85.0,85.3,91.0,1.14455231422596,,
ins73_m=2_j=15_t=15_var=13,474,85.0,85.42,93.0,1.4225329521666625,,
ins73_m=2_j=15_t=15_var=13,475,85.0,85.62,95.0,1.9119623427254004,,
ins73_m=2_j=15_t=15_var=13,476,85.0,85.24,93.0,1.0307278981380101,,
ins73_m=2_j=15_t=15_var=13,477,85.0,85.34,93.0,1.1333137253205752,,
ins73_m=2_j=15_t=15_var=13,478,85.0,85.26,93.0,1.1542963224406462,,
ins73_m=2_j=15_t=15_var=13,479,85.0,85.48,95.0,1.746310396235446,,
ins73_m=2_j=15_t=15_var=13,480,85.0,85.4,95.0,1.574801574802362,,
ins73_m=2_j=15_t=15_var=13,481,85.0,85.2,91.0,0.8717797887081347,,
ins73_m=2_j=15_t=15_var=13,482,85.0,85.58,95.0,1.7039953051578518,,
ins73_m=2_j=15_t=15_var=13,483,85.0,85.48,93.0,1.6029971927611104,,
ins73_m=2_j=15_t=15_var=13,484,85.0,85.66,95.0,2.0601941656067275,,
ins73_m=2_j=15_t=15_var=13,485,85.0,85.26,93.0,1.0827742146911332,,
ins73_m=2_j=15_t=15_var=13,486,85.0,85.5,95.0,1.7748239349298849,,
ins73_m=2_j=15_t=15_var=13,487,85.0,85.28,91.0,1.0590561835898982,,
ins73_m=2_j=15_t=15_var=13,488,85.0,85.48,93.0,1.4729562111617571,,
ins73_m=2_j=15_t=15_var=13,489,85.0,85.62,95.0,1.7365483005087996,,
ins73_m=2_j=15_t=15_var=13,490,85.0,85.72,95.0,2.030172406471923,,
ins73_m=2_j=15_t=15_var=13,491,85.0,85.56,91.0,1.3879481258317978,,
ins73_m=2_j=15_t=15_var=13,492,85.0,85.2,93.0,0.959166304662544,,
ins73_m=2_j=15_t=15_var=13,493,85.0,85.34,91.0,1.201831935005889,,
ins73_m=2_j=15_t=15_var=13,494,85.0,85.4,93.0,1.4966629547095762,,
ins73_m=2_j=15_t=15_var=13,495,85.0,85.58,95.0,1.8394564414522026,,
ins73_m=2_j=15_t=15_var=13,496,85.0,85.42,93.0,1.5822768405054788,,
ins73_m=2_j=15_t=15_var=13,497,85.0,85.56,95.0,1.722324011328879,,
ins73_m=2_j=15_t=15_var=13,498,85.0,85.28,93.0,1.0961751684835777,,
ins73_m=2_j=15_t=15_var=13,499,85.0,85.58,95.0,1.7273100474437126,,
ins73_m=2_j=15_t=15_var=13,500,85.0,85.58,93.0,1.7730200224475752,,
ins73_m=2_j=15_t=15_var=13,501,85.0,85.34,95.0,1.387227450708787,,
ins73_m=2_j=15_t=15_var=13,502,85.0,85.96,95.0,2.3405982141324473,,
ins73_m=2_j=15_t=15_var=13,503,85.0,85.2,93.0,1.1489125293076057,,
ins73_m=2_j=15_t=15_var=13,504,85.0,85.28,91.0,1.0961751684835777,,
ins73_m=2_j=15_t=15_var=13,505,85.0,85.34,91.0,1.0974515934655158,,
ins73_m=2_j=15_t=15_var=13,506,85.0,85.7,95.0,2.0074859899884734,,
ins73_m=2_j=15_t=15_var=13,507,85.0,85.46,93.0,1.6457217261736568,,
ins73_m=2_j=15_t=15_var=13,508,85.0,85.24,91.0,0.8616263691415207,,
ins73_m=2_j=15_t=15_var=13,509,85.0,85.36,93.0,1.3676256797823005,,
ins73_m=2_j=15_t=15_var=13,510,85.0,85.52,95.0,1.8465102220134064,,
ins73_m=2_j=15_t=15_var=13,511,85.0,85.3,95.0,1.2767145334803707,,
ins73_m=2_j=15_t=15_var=13,512,85.0,85.4,93.0,1.296148139681572,,
ins73_m=2_j=15_t=15_var=13,513,85.0,85.3,91.0,1.03440804327886,,
ins73_m=2_j=15_t=15_var=13,514,85.0,85.36,93.0,1.2126005112979297,,
ins73_m=2_j=15_t=15_var=13,515,85.0,85.58,95.0,1.7730200224475754,,
ins73_m=2_j=15_t=15_var=13,516,85.0,85.46,93.0,1.5193419628246962,,
ins73_m=2_j=15_t=15_var=13,517,85.0,85.6,95.0,1.9078784028338915,,
ins73_m=2_j=15_t=15_var=13,518,85.0,85.38,95.0,1.3474420210161175,,
ins73_m=2_j=15_t=15_var=13,519,85.0,85.36,93.0,1.2451505933018705,,
ins73_m=2_j=15_t=15_var=13,520,85.0,85.4,93.0,1.4422205101855956,,
ins73_m=2_j=15_t=15_var=13,521,85.0,85.64,93.0,1.7861690849412883,,
ins73_m=2_j=15_t=15_var=13,522,85.0,85.24,91.0,0.9068627239003708,,
ins73_m=2_j=15_t=15_var=13,523,85.0,85.5,93.0,1.705872210923198,,
ins73_m=2_j=15_t=15_var=13,524,85.0,85.32,93.0,1.377534028617805,,
ins73_m=2_j=15_t=15_var=13,525,85.0,85.18,93.0,1.0235233265539185,,
ins73_m=2_j=15_t=15_var=13,526,85.0,85.4,93.0,1.4696938456699067,,
ins73_m=2_j=15_t=15_var=13,527,85.0,85.28,93.0,1.1668761716651856,,
ins73_m=2_j=15_t=15_var=13,528,85.0,85.28,95.0,1.3570556362949897,,
ins73_m=2_j=15_t=15_var=13,529,85.0,85.38,93.0,1.3474420210161178,,
ins73_m=2_j=15_t=15_var=13,530,85.0,85.6,95.0,2.0297783130184444,,
ins73_m=2_j=15_t=15_var=13,531,85.0,85.4,95.0,1.5231546211727816,,
ins73_m=2_j=15_t=15_var=13,532,85.0,85.5,93.0,1.752141546793523,,
ins73_m=2_j=15_t=15_var=13,533,85.0,85.78,95.0,2.260884782557484,,
ins73_m=2_j=15_t=15_var=13,534,85.0,85.56,95.0,2.0214846029589246,,
ins73_m=2_j=15_t=15_var=13,535,85.0,85.42,95.0,1.5567915724335097,,
ins73_m=2_j=15_t=15_var=13,536,85.0,85.46,95.0,1.8730723424363511,,
ins73_m=2_j=15_t=15_var=13,537,85.0,85.38,91.0,1.1556816170554933,,
ins73_m=2_j=15_t=15_var=13,538,85.0,85.42,95.0,1.6563815985454557,,
ins73_m=2_j=15_t=15_var=13,539,85.0,85.48,93.0,1.5778466338652815,,
ins73_m=2_j=15_t=15_var=13,540,85.0,85.64,95.0,2.0567936211491906,,
ins73_m=2_j=15_t=15_var=13,541,85.0,85.5,93.0,1.6822603841260722,,
ins73_m=2_j=15_t=15_var=13,542,85.0,85.62,93.0,1.8696523741059463,,
ins73_m=2_j=15_t=15_var=13,543,85.0,85.78,95.0,2.3305793271201902,,
ins73_m=2_j=15_t=15_var=13,544,85.0,85.3,91.0,1.1445523142259597,,
ins73_m=2_j=15_t=15_var=13,545,85.0,85.2,89.0,0.7745966692414834,,
ins73_m=2_j=15_t=15_var=13,546,85.0,85.54,95.0,1.7402298698735177,,
ins73_m=2_j=15_t=15_var=13,547,85.0,85.36,93.0,1.42492105044455,,
ins73_m=2_j=15_t=15_var=13,548,85.0,85.46,95.0,1.5711142542794272,,
ins73_m=2_j=15_t=15_var=13,549,85.0,85.12,89.0,0.5528109984434102,,
ins73_m=2_j=15_t=15_var=13,550,85.0,85.74,93.0,1.6889049706836676,,
ins73_m=2_j=15_t=15_var=13,551,85.0,85.56,95.0,1.7906423428479514,,
ins73_m=2_j=15_t=15_var=13,552,85.0,85.12,91.0,0.84,,
ins73_m=2_j=15_t=15_var=13,553,85.0,85.3,95.0,1.3076696830622023,,
ins73_m=2_j=15_t=15_var=13,554,85.0,85.3,95.0,1.3674794331177345,,
ins73_m=2_j=15_t=15_var=13,555,85.0,85.58,95.0,1.9244739540975866,,
ins73_m=2_j=15_t=15_var=13,556,85.0,85.62,93.0,1.804328129803446,,
ins73_m=2_j=15_t=15_var=13,557,85.0,85.5,95.0,1.6822603841260722,,
ins73_m=2_j=15_t=15_var=13,558,85.0,85.72,95.0,2.126405417600322,,
ins73_m=2_j=15_t=15_var=13,559,85.0,85.24,91.0,0.9911609354691097,,
ins73_m=2_j=15_t=15_var=13,560,85.0,85.54,95.0,1.8298633828786237,,
ins73_m=2_j=15_t=15_var=13,561,85.0,85.46,93.0,1.4927826365549677,,
ins73_m=2_j=15_t=15_var=13,562,85.0,85.4,95.0,1.5491933384829666,,
ins73_m=2_j=15_t=15_var=13,563,85.0,85.46,93.0,1.4657421328460203,,
ins73_m=2_j=15_t=15_var=13,564,85.0,85.32,95.0,1.4062716664997552,,
ins73_m=2_j=15_t=15_var=13,565,85.0,85.5,95.0,1.6093476939431082,,
ins73_m=2_j=15_t=15_var=13,566,85.0,85.6,93.0,1.7088007490635064,,
ins73_m=2_j=15_t=15_var=13,567,85.0,85.4,95.0,1.6248076809271927,,
ins73_m=2_j=15_t=15_var=13,568,85.0,85.56,93.0,1.675231327309754,,
ins73_m=2_j=15_t=15_var=13,569,85.0,85.5,93.0,1.6583123951777,,
ins73_m=2_j=15_t=15_var=13,570,85.0,85.32,93.0,1.3775340286178048,,
ins73_m=2_j=15_t=15_var=13,571,85.0,85.42,95.0,1.5822768405054786,,
ins73_m=2_j=15_t=15_var=13,572,85.0,85.36,93.0,1.4799999999999998,,
ins73_m=2_j=15_t=15_var=13,573,85.0,85.32,95.0,1.3775340286178048,,
ins73_m=2_j=15_t=15_var=13,574,85.0,85.5,95.0,1.705872210923198,,
ins73_m=2_j=15_t=15_var=13,575,85.0,85.52,95.0,1.9103926298015286,,
ins73_m=2_j=15_t=15_var=13,576,85.0,85.76,95.0,2.4129649810969074,,
ins73_m=2_j=15_t=15_var=13,577,85.0,85.62,93.0,1.713359273474189,,
ins73_m=2_j=15_t=15_var=13,578,85.0,85.42,93.0,1.3941305534274757,,
ins73_m=2_j=15_t=15_var=13,579,85.0,85.64,95.0,1.9158288023724874,,
ins73_m=2_j=15_t=15_var=13,580,85.0,85.48,95.0,1.746310396235446,,
ins73_m=2_j=15_t=15_var=13,581,85.0,85.52,95.0,1.7348198753761153,,
ins73_m=2_j=15_t=15_var=13,582,85.0,85.46,95.0,1.5711142542794272,,
ins73_m=2_j=15_t=15_var=13,583,85.0,85.28,93.0,1.0961751684835777,,
ins73_m=2_j=15_t=15_var=13,584,85.0,85.46,93.0,1.621234097840284,,
ins73_m=2_j=15_t=15_var=13,585,85.0,85.32,91.0,1.1214276615100949,,
ins73_m=2_j=15_t=15_var=13,586,85.0,85.38,93.0,1.3474420210161178,,
ins73_m=2_j=15_t=15_var=13,587,85.0,85.54,93.0,1.4927826365549675,,
ins73_m=2_j=15_t=15_var=13,588,85.0,85.26,93.0,1.0827742146911332,,
ins73_m=2_j=15_t=15_var=13,589,85.0,85.44,93.0,1.3734627770711516,,
ins73_m=2_j=15_t=15_var=13,590,85.0,85.64,95.0,1.9571407716360107,,
ins73_m=2_j=15_t=15_var=13,591,85.0,85.22,91.0,0.975499871860576,,
ins73_m=2_j=15_t=15_var=13,592,85.0,85.52,93.0,1.5651198037211078,,
ins73_m=2_j=15_t=15_var=13,593,85.0,85.38,93.0,1.3174217244299564,,
ins73_m=2_j=15_t=15_var=13,594,85.0,85.56,95.0,1.6989408465276241,,
ins73_m=2_j=15_t=15_var=13,595,85.0,85.36,95.0,1.42492105044455,,
ins73_m=2_j=15_t=15_var=13,596,85.0,85.34,95.0,1.4711899945282387,,
ins73_m=2_j=15_t=15_var=13,597,85.0,85.58,95.0,1.9035755829490986,,
ins73_m=2_j=15_t=15_var=13,598,85.0,85.7,95.0,2.066397831977183,,
ins73_m=2_j=15_t=15_var=13,599,85.0,85.42,91.0,1.2424169992397882,,
ins73_m=2_j=15_t=15_var=13,600,85.0,85.28,95.0,1.2967652061957862,,
ins73_m=2_j=15_t=15_var=13,601,85.0,85.56,95.0,1.9407215153133126,,
ins73_m=2_j=15_t=15_var=13,602,85.0,85.5,95.0,1.752141546793523,,
ins73_m=2_j=15_t=15_var=13,603,85.0,85.52,95.0,1.7577258034175862,,
ins73_m=2_j=15_t=15_var=13,604,85.0,85.36,93.0,1.3676256797823005,,
ins73_m=2_j=15_t=15_var=13,605,85.0,85.58,95.0,1.9244739540975868,,
ins73_m=2_j=15_t=15_var=13,606,85.0,85.28,93.0,1.0961751684835777,,
ins73_m=2_j=15_t=15_var=13,607,85.0,85.24,95.0,1.1412274094149684,,
ins73_m=2_j=15_t=15_var=13,608,85.0,85.38,93.0,1.3768079023596573,,
ins73_m=2_j=15_t=15_var=13,609,85.0,85.22,91.0,0.975499871860576,,
ins73_m=2_j=15_t=15_var=13,610,85.0,85.42,93.0,1.4225329521666623,,
ins73_m=2_j=15_t=15_var=13,611,85.0,85.72,95.0,2.088444397153058,,
ins73_m=2_j=15_t=15_var=13,612,85.0,85.1,89.0,0.5196152422706631,,
ins73_m=2_j=15_t=15_var=13,613,85.0,85.36,91.0,1.1791522378386938,,
ins73_m=2_j=15_t=15_var=13,614,85.0,85.76,95.0,2.093418257300724,,
ins73_m=2_j=15_t=15_var=13,615,85.0,85.6,93.0,1.8654758106177634,,
ins73_m=2_j=15_t=15_var=13,616,85.0,85.42,93.0,1.47770091696527,,
ins73_m=2_j=15_t=15_var=13,617,85.0,85.24,91.0,1.1056219968868204,,
ins73_m=2_j=15_t=15_var=13,618,85.0,85.54,95.0,1.7856091397615548,,
ins73_m=2_j=15_t=15_var=13,619,85.0,85.48,91.0,1.2998461447417535,,
ins73_m=2_j=15_t=15_var=13,620,85.0,85.4,95.0,1.6,,
ins73_m=2_j=15_t=15_var=13,621,85.0,85.44,95.0,1.5383107618423528,,
ins73_m=2_j=15_t=15_var=13,622,85.0,85.46,93.0,1.4657421328460203,,
ins73_m=2_j=15_t=15_var=13,623,85.0,85.18,91.0,0.8986656775464384,,
ins73_m=2_j=15_t=15_var=13,624,85.0,85.58,93.0,1.8175808097578499,,
ins73_m=2_j=15_t=15_var=13,625,85.0,85.56,95.0,1.981514572240134,,
ins73_m=2_j=15_t=15_var=13,626,85.0,85.3,93.0,1.3379088160259653,,
ins73_m=2_j=15_t=15_var=13,627,85.0,85.42,95.0,1.656381598545456,,
ins73_m=2_j=15_t=15_var=13,628,85.0,85.42,93.0,1.47770091696527,,
ins73_m=2_j=15_t=15_var=13,629,85.0,85.52,95.0,1.7116074316267733,,
ins73_m=2_j=15_t=15_var=13,630,85.0,85.44,95.0,1.6390240998838304,,
ins73_m=2_j=15_t=15_var=13,631,85.0,85.3,95.0,1.307669683062202,,
ins73_m=2_j=15_t=15_var=13,632,85.0,85.44,95.0,1.6144348856488453,,
ins73_m=2_j=15_t=15_var=13,633,85.0,85.22,89.0,0.794732659452221,,
ins73_m=2_j=15_t=15_var=13,634,85.0,85.78,95.0,2.037547545457529,,
ins73_m=2_j=15_t=15_var=13,635,85.0,85.6,95.0,2.06881608655772,,
ins73_m=2_j=15_t=15_var=13,636,85.0,85.44,95.0,1.6871277367170516,,
ins73_m=2_j=15_t=15_var=13,637,85.0,85.4,93.0,1.4696938456699067,,
ins73_m=2_j=15_t=15_var=13,638,85.0,85.44,93.0,1.4853955702101713,,
ins73_m=2_j=15_t=15_var=13,639,85.0,85.34,93.0,1.415768342632367,,
ins73_m=2_j=15_t=15_var=13,640,85.0,85.3,91.0,1.1445523142259597,,
ins73_m=2_j=15_t=15_var=13,641,85.0,85.48,95.0,1.6277591959500646,,
ins73_m=2_j=15_t=15_var=13,642,85.0,85.76,95.0,2.1124393482417427,,
ins73_m=2_j=15_t=15_var=13,643,85.0,85.26,93.0,1.1884443613396465,,
ins73_m=2_j=15_t=15_var=13,644,85.0,85.64,95.0,2.1331666601557413,,
ins73_m=2_j=15_t=15_var=13,645,85.0,85.46,95.0,1.6457217261736563,,
ins73_m=2_j=15_t=15_var=13,646,85.0,85.24,93.0,1.1056219968868204,,
ins73_m=2_j=15_t=15_var=13,647,85.0,85.3,93.0,1.1090536506409419,,
ins73_m=2_j=15_t=15_var=13,648,85.0,85.22,93.0,1.0916043239196151,,
ins73_m=2_j=15_t=15_var=13,649,85.0,85.46,95.0,1.519341962824696,,
ins73_m=2_j=15_t=15_var=13,650,85.0,85.64,95.0,1.9571407716360107,,
ins73_m=2_j=15_t=15_var=13,651,85.0,85.34,93.0,1.3580868897091967,,
ins73_m=2_j=15_t=15_var=13,652,85.0,85.36,93.0,1.2451505933018705,,
ins73_m=2_j=15_t=15_var=13,653,85.0,85.48,95.0,1.6277591959500646,,
ins73_m=2_j=15_t=15_var=13,654,85.0,85.34,93.0,1.2978443666326096,,
ins73_m=2_j=15_t=15_var=13,655,85.0,85.46,95.0,1.5963708842245903,,
ins73_m=2_j=15_t=15_var=13,656,85.0,85.3,95.0,1.2767145334803707,,
ins73_m=2_j=15_t=15_var=13,657,85.0,85.28,93.0,1.0961751684835779,,
ins73_m=2_j=15_t=15_var=13,658,85.0,85.36,93.0,1.3965672200076873,,
ins73_m=2_j=15_t=15_var=13,659,85.0,85.46,95.0,1.5963708842245903,,
ins73_m=2_j=15_t=15_var=13,660,85.0,85.44,95.0,1.8017769007288333,,
ins73_m=2_j=15_t=15_var=13,661,85.0,85.5,95.0,1.8841443681416772,,
ins73_m=2_j=15_t=15_var=13,662,85.0,85.54,95.0,1.6698502926909347,,
ins73_m=2_j=15_t=15_var=13,663,85.0,85.3,91.0,0.99498743710662,,
ins73_m=2_j=15_t=15_var=13,664,85.0,85.4,93.0,1.4966629547095767,,
ins73_m=2_j=15_t=15_var=13,665,85.0,85.4,95.0,1.5231546211727816,,
ins73_m=2_j=15_t=15_var=13,666,85.0,85.4,93.0,1.3266499161421597,,
ins73_m=2_j=15_t=15_var=13,667,85.0,85.5,95.0,1.705872210923198,,
ins73_m=2_j=15_t=15_var=13,668,85.0,85.32,95.0,1.4062716664997554,,
ins73_m=2_j=15_t=15_var=13,669,85.0,85.26,95.0,1.2539537471533788,,
ins73_m=2_j=15_t=15_var=13,670,85.0,85.42,93.0,1.5308820986607687,,
ins73_m=2_j=15_t=15_var=13,671,85.0,85.58,95.0,1.9035755829490986,,
ins73_m=2_j=15_t=15_var=13,672,85.0,85.44,95.0,1.75681530047982,,
ins73_m=2_j=15_t=15_var=13,673,85.0,85.5,95.0,1.7291616465790582,,
ins73_m=2_j=15_t=15_var=13,674,85.0,85.54,93.0,1.6698502926909347,,
ins73_m=2_j=15_t=15_var=13,675,85.0,85.26,91.0,1.0451794104363137,,
ins73_m=2_j=15_t=15_var=13,676,85.0,85.44,93.0,1.710672382427448,,
ins73_m=2_j=15_t=15_var=13,677,85.0,85.22,91.0,1.0543244282477764,,
ins73_m=2_j=15_t=15_var=13,678,85.0,85.62,95.0,1.8909256992277623,,
ins73_m=2_j=15_t=15_var=13,679,85.0,85.28,93.0,1.1668761716651859,,
ins73_m=2_j=15_t=15_var=13,680,85.0,85.48,93.0,1.6029971927611102,,
ins73_m=2_j=15_t=15_var=13,681,85.0,85.38,93.0,1.4055603864651276,,
ins73_m=2_j=15_t=15_var=13,682,85.0,85.18,91.0,0.8529947244854448,,
ins73_m=2_j=15_t=15_var=13,683,85.0,85.54,91.0,1.291665591397402,,
ins73_m=2_j=15_t=15_var=13,684,85.0,85.64,95.0,1.9158288023724876,,
ins73_m=2_j=15_t=15_var=13,685,85.0,85.36,93.0,1.42492105044455,,
ins73_m=2_j=15_t=15_var=13,686,85.0,85.7,95.0,2.0273134932713295,,
ins73_m=2_j=15_t=15_var=13,687,85.0,85.4,95.0,1.5999999999999999,,
ins73_m=2_j=15_t=15_var=13,688,85.0,85.64,95.0,2.095328136593407,,
ins73_m=2_j=15_t=15_var=13,689,85.0,85.4,91.0,1.2649110640673515,,
ins73_m=2_j=15_t=15_var=13,690,85.0,85.54,93.0,1.621234097840284,,
ins73_m=2_j=15_t=15_var=13,691,85.0,85.9,95.0,2.233830790368868,,
ins73_m=2_j=15_t=15_var=13,692,85.0,85.5,95.0,1.6093476939431082,,
ins73_m=2_j=15_t=15_var=13,693,85.0,85.58,95.0,1.9451478092936796,,
ins73_m=2_j=15_t=15_var=13,694,85.0,85.48,93.0,1.5522886329545804,,
ins73_m=2_j=15_t=15_var=13,695,85.0,85.3,93.0,1.2449899597988732,,
ins73_m=2_j=15_t=15_var=13,696,85.0,85.62,95.0,1.869652374105946,,
ins73_m=2_j=15_t=15_var=13,697,85.0,85.32,91.0,1.1565465835840767,,
ins73_m=2_j=15_t=15_var=13,698,85.0,85.48,95.0,1.746310396235446,,
ins73_m=2_j=15_t=15_var=13,699,85.0,85.38,93.0,1.3474420210161178,,
ins73_m=2_j=15_t=15_var=13,700,85.0,85.4,93.0,1.4422205101855956,,
ins73_m=2_j=15_t=15_var=13,701,85.0,85.18,93.0,1.0618851161966627,,
ins73_m=2_j=15_t=15_var=13,702,85.0,85.46,95.0,1.7630655121123546,,
ins73_m=2_j=15_t=15_var=13,703,85.0,85.18,93.0,0.94212525706511,,
ins73_m=2_j=15_t=15_var=13,704,85.0,85.52,93.0,1.565119803721108,,
ins73_m=2_j=15_t=15_var=13,705,85.0,85.62,95.0,1.953356086329372,,
ins73_m=2_j=15_t=15_var=13,706,85.0,86.0,95.0,2.6457513110645907,,
ins73_m=2_j=15_t=15_var=13,707,85.0,85.44,93.0,1.538310761842353,,
ins73_m=2_j=15_t=15_var=13,708,85.0,85.42,95.0,1.6320539206778677,,
ins73_m=2_j=15_t=15_var=13,709,85.0,85.64,93.0,1.6942254867637896,,
ins73_m=2_j=15_t=15_var=13,710,85.0,85.64,95.0,1.977473135089324,,
ins73_m=2_j=15_t=15_var=13,711,85.0,85.48,95.0,1.6761861471805573,,
ins73_m=2_j=15_t=15_var=13,712,85.0,85.54,95.0,1.8298633828786237,,
ins73_m=2_j=15_t=15_var=13,713,85.0,85.46,95.0,1.6698502926909342,,
ins73_m=2_j=15_t=15_var=13,714,85.0,85.4,95.0,1.469693845669907,,
ins73_m=2_j=15_t=15_var=13,715,85.0,85.58,95.0,1.8824452183264193,,
ins73_m=2_j=15_t=15_var=13,716,85.0,85.6,95.0,1.8439088914585777,,
ins73_m=2_j=15_t=15_var=13,717,85.0,85.44,95.0,1.6144348856488453,,
ins73_m=2_j=15_t=15_var=13,718,85.0,85.7,95.0,2.0663978319771825,,
ins73_m=2_j=15_t=15_var=13,719,85.0,85.48,95.0,1.7232527382830414,,
ins73_m=2_j=15_t=15_var=13,720,85.0,85.34,95.0,1.6983521425193306,,
ins73_m=2_j=15_t=15_var=13,721,85.0,85.48,95.0,1.7232527382830416,,
ins73_m=2_j=15_t=15_var=13,722,85.0,85.6,95.0,1.9287301521985916,,
ins73_m=2_j=15_t=15_var=13,723,85.0,85.54,95.0,1.7856091397615552,,
ins73_m=2_j=15_t=15_var=13,724,85.0,85.38,93.0,1.4337363774418226,,
ins73_m=2_j=15_t=15_var=13,725,85.0,85.44,95.0,1.6632498309033434,,
ins73_m=2_j=15_t=15_var=13,726,85.0,85.36,93.0,1.2768711759609894,,
ins73_m=2_j=15_t=15_var=13,727,85.0,85.44,95.0,1.5640971836813724,,
ins73_m=2_j=15_t=15_var=13,728,85.0,85.36,93.0,1.3965672200076873,,
ins73_m=2_j=15_t=15_var=13,729,85.0,85.18,95.0,1.098908549425292,,
ins73_m=2_j=15_t=15_var=13,730,85.0,85.42,95.0,1.7503142574977786,,
ins73_m=2_j=15_t=15_var=13,731,85.0,85.26,95.0,1.2216382443260358,,
ins73_m=2_j=15_t=15_var=13,732,85.0,85.52,91.0,1.4864723340849637,,
ins73_m=2_j=15_t=15_var=13,733,85.0,85.36,93.0,1.3078226179417451,,
ins73_m=2_j=15_t=15_var=13,734,85.0,85.28,95.0,1.2967652061957862,,
ins73_m=2_j=15_t=15_var=13,735,85.0,85.48,91.0,1.4998666607402138,,
ins73_m=2_j=15_t=15_var=13,736,85.0,85.52,93.0,1.5904716281656832,,
ins73_m=2_j=15_t=15_var=13,737,85.0,85.14,91.0,0.761839878189636,,
ins73_m=2_j=15_t=15_var=13,738,85.0,85.42,95.0,1.5822768405054786,,
ins73_m=2_j=15_t=15_var=13,739,85.0,85.2,95.0,1.148912529307606,,
ins73_m=2_j=15_t=15_var=13,740,85.0,85.5,93.0,1.5588457268119895,,
ins73_m=2_j=15_t=15_var=13,741,85.0,85.42,93.0,1.4225329521666623,,
ins73_m=2_j=15_t=15_var=13,742,85.0,85.9,95.0,2.35584379787795,,
ins73_m=2_j=15_t=15_var=13,743,85.0,85.44,93.0,1.512084653714864,,
ins73_m=2_j=15_t=15_var=13,744,85.0,85.32,95.0,1.5676734353812338,,
ins73_m=2_j=15_t=15_var=13,745,85.0,85.4,95.0,1.5231546211727816,,
ins73_m=2_j=15_t=15_var=13,746,85.0,85.46,95.0,1.8298633828786233,,
ins73_m=2_j=15_t=15_var=13,747,85.0,85.64,95.0,2.095328136593407,,
ins73_m=2_j=15_t=15_var=13,748,85.0,85.66,95.0,1.9194790960049553,,
ins73_m=2_j=15_t=15_var=13,749,85.0,85.86,95.0,2.1214146223687624,,
ins73_m=2_j=15_t=15_var=13,750,85.0,85.6,95.0,1.9899748742132402,,
ins73_m=2_j=15_t=15_var=13,751,85.0,85.26,93.0,1.0451794104363137,,
ins73_m=2_j=15_t=15_var=13,752,85.0,85.5,95.0,1.705872210923198,,
ins73_m=2_j=15_t=15_var=13,753,85.0,85.24,93.0,1.2092973166264782,,
ins73_m=2_j=15_t=15_var=13,754,85.0,85.22,91.0,1.01567711404757,,
ins73_m=2_j=15_t=15_var=13,755,85.0,85.24,95.0,1.241933975700802,,
ins73_m=2_j=15_t=15_var=13,756,85.0,85.74,93.0,1.9525368114327577,,
ins73_m=2_j=15_t=15_var=13,757,85.0,85.36,95.0,1.3078226179417451,,
ins73_m=2_j=15_t=15_var=13,758,85.0,85.34,91.0,1.2346659467240522,,
ins73_m=2_j=15_t=15_var=13,759,85.0,85.4,93.0,1.5491933384829666,,
ins73_m=2_j=15_t=15_var=13,760,85.0,85.36,93.0,1.3965672200076875,,
ins73_m=2_j=15_t=15_var=13,761,85.0,85.56,95.0,1.9612241075410024,,
ins73_m=2_j=15_t=15_var=13,762,85.0,85.3,91.0,0.99498743710662,,
ins73_m=2_j=15_t=15_var=13,763,85.0,85.4,93.0,1.4966629547095767,,
ins73_m=2_j=15_t=15_var=13,764,85.0,85.28,93.0,1.0590561835898982,,
ins73_m=2_j=15_t=15_var=13,765,85.0,85.48,95.0,1.6998823488700623,,
ins73_m=2_j=15_t=15_var=13,766,85.0,85.38,93.0,1.405560386465128,,
ins73_m=2_j=15_t=15_var=13,767,85.0,85.52,95.0,1.7803370467414306,,
ins73_m=2_j=15_t=15_var=13,768,85.0,85.3,93.0,1.2449899597988734,,
ins73_m=2_j=15_t=15_var=13,769,85.0,85.22,95.0,1.1625833303466895,,
ins73_m=2_j=15_t=15_var=13,770,85.0,85.6,95.0,2.06881608655772,,
ins73_m=2_j=15_t=15_var=13,771,85.0,85.44,95.0,1.512084653714864,,
ins73_m=2_j=15_t=15_var=13,772,85.0,85.32,95.0,1.2874781551544863,,
ins73_m=2_j=15_t=15_var=13,773,85.0,85.64,95.0,2.0372530525194947,,
ins73_m=2_j=15_t=15_var=13,774,85.0,85.38,93.0,1.3474420210161178,,
ins73_m=2_j=15_t=15_var=13,775,85.0,85.82,95.0,2.1183956193308173,,
ins73_m=2_j=15_t=15_var=13,776,85.0,85.26,91.0,1.0827742146911334,,
ins73_m=2_j=15_t=15_var=13,777,85.0,85.6,95.0,1.7549928774784247,,
ins73_m=2_j=15_t=15_var=13,778,85.0,85.4,93.0,1.414213562373095,,
ins73_m=2_j=15_t=15_var=13,779,85.0,85.44,95.0,1.6144348856488453,,
ins73_m=2_j=15_t=15_var=13,780,85.0,85.22,93.0,1.0543244282477762,,
ins73_m=2_j=15_t=15_var=13,781,85.0,85.66,95.0,1.8985257438338834,,
ins73_m=2_j=15_t=15_var=13,782,85.0,85.36,93.0,1.4249210504445502,,
ins73_m=2_j=15_t=15_var=13,783,85.0,85.2,93.0,1.0,,
ins73_m=2_j=15_t=15_var=13,784,85.0,85.36,95.0,1.3965672200076873,,
ins73_m=2_j=15_t=15_var=13,785,85.0,85.46,95.0,1.54544491975612,,
ins73_m=2_j=15_t=15_var=13,786,85.0,85.74,95.0,2.110071088849852,,
ins73_m=2_j=15_t=15_var=13,787,85.0,85.4,93.0,1.4422205101855954,,
ins73_m=2_j=15_t=15_var=13,788,85.0,85.24,93.0,1.068831137270991,,
ins73_m=2_j=15_t=15_var=13,789,85.0,85.24,91.0,1.0307278981380104,,
ins73_m=2_j=15_t=15_var=13,790,85.0,85.48,95.0,1.6998823488700625,,
ins73_m=2_j=15_t=15_var=13,791,85.0,85.66,93.0,1.7675972391922319,,
ins73_m=2_j=15_t=15_var=13,792,85.0,85.36,95.0,1.42492105044455,,
ins73_m=2_j=15_t=15_var=13,793,85.0,85.58,95.0,1.9858499439786483,,
ins73_m=2_j=15_t=15_var=13,794,85.0,85.28,93.0,1.1668761716651856,,
ins73_m=2_j=15_t=15_var=13,795,85.0,85.62,95.0,1.804328129803446,,
ins73_m=2_j=15_t=15_var=13,796,85.0,85.36,95.0,1.506784656146989,,
ins73_m=2_j=15_t=15_var=13,797,85.0,85.26,93.0,1.1884443613396467,,
ins73_m=2_j=15_t=15_var=13,798,85.0,85.36,95.0,1.5589740215924062,,
ins73_m=2_j=15_t=15_var=13,799,85.0,85.4,93.0,1.3266499161421597,,
ins73_m=2_j=15_t=15_var=13,800,85.0,85.74,95.0,2.147649878355408,,
ins73_m=2_j=15_t=15_var=13,801,85.0,85.44,95.0,1.6144348856488453,,
ins73_m=2_j=15_t=15_var=13,802,85.0,85.26,95.0,1.3756453031214115,,
ins73_m=2_j=15_t=15_var=13,803,85.0,85.36,93.0,1.3380582946942186,,
ins73_m=2_j=15_t=15_var=13,804,85.0,85.68,95.0,2.08269056751117,,
ins73_m=2_j=15_t=15_var=13,805,85.0,85.52,93.0,1.6399999999999997,,
ins73_m=2_j=15_t=15_var=13,806,85.0,85.62,93.0,1.6418282492392438,,
ins73_m=2_j=15_t=15_var=13,807,85.0,85.48,93.0,1.4729562111617576,,
ins73_m=2_j=15_t=15_var=13,808,85.0,85.34,95.0,1.415768342632367,,
ins73_m=2_j=15_t=15_var=13,809,85.0,85.46,95.0,1.6698502926909344,,
ins73_m=2_j=15_t=15_var=13,810,85.0,85.42,93.0,1.5822768405054786,,
ins73_m=2_j=15_t=15_var=13,811,85.0,85.4,95.0,1.5748015748023623,,
ins73_m=2_j=15_t=15_var=13,812,85.0,85.34,93.0,1.3283071933856263,,
ins73_m=2_j=15_t=15_var=13,813,85.0,85.48,95.0,1.6277591959500644,,
ins73_m=2_j=15_t=15_var=13,814,85.0,85.36,93.0,1.3380582946942186,,
ins73_m=2_j=15_t=15_var=13,815,85.0,85.42,95.0,1.6563815985454557,,
ins73_m=2_j=15_t=15_var=13,816,85.0,85.56,93.0,1.6752313273097539,,
ins73_m=2_j=15_t=15_var=13,817,85.0,85.92,95.0,2.488694436848365,,
ins73_m=2_j=15_t=15_var=13,818,85.0,85.46,95.0,1.829863382878623,,
ins73_m=2_j=15_t=15_var=13,819,85.0,85.46,95.0,1.717090562550502,,
ins73_m=2_j=15_t=15_var=13,820,85.0,85.18,93.0,1.0618851161966627,,
ins73_m=2_j=15_t=15_var=13,821,85.0,85.3,93.0,1.337908816025965,,
ins73_m=2_j=15_t=15_var=13,822,85.0,85.26,91.0,1.0827742146911332,,
ins73_m=2_j=15_t=15_var=13,823,85.0,85.44,93.0,1.564097183681372,,
ins73_m=2_j=15_t=15_var=13,824,85.0,85.56,95.0,1.7906423428479514,,
ins73_m=2_j=15_t=15_var=13,825,85.0,85.42,93.0,1.47770091696527,,
ins73_m=2_j=15_t=15_var=13,826,85.0,85.4,93.0,1.414213562373095,,
ins73_m=2_j=15_t=15_var=13,827,85.0,85.44,91.0,1.2831211945876353,,
ins73_m=2_j=15_t=15_var=13,828,85.0,85.6,95.0,1.9493588689617931,,
ins73_m=2_j=15_t=15_var=13,829,85.0,85.42,93.0,1.5308820986607687,,
ins73_m=2_j=15_t=15_var=13,830,85.0,85.42,95.0,1.6073580808270445,,
ins73_m=2_j=15_t=15_var=13,831,85.0,85.84,95.0,2.175867643033463,,
ins73_m=2_j=15_t=15_var=13,832,85.0,85.82,95.0,2.3510848559760666,,
ins73_m=2_j=15_t=15_var=13,833,85.0,85.32,95.0,1.4620533505997648,,
ins73_m=2_j=15_t=15_var=13,834,85.0,85.62,95.0,1.9938906690187406,,
ins73_m=2_j=15_t=15_var=13,835,85.0,85.34,93.0,1.3580868897091967,,
ins73_m=2_j=15_t=15_var=13,836,85.0,85.28,93.0,1.1668761716651856,,
ins73_m=2_j=15_t=15_var=13,837,85.0,85.68,95.0,1.9436048981210143,,
ins73_m=2_j=15_t=15_var=13,838,85.0,85.5,93.0,1.5066519173319364,,
ins73_m=2_j=15_t=15_var=13,839,85.0,85.72,95.0,2.1451340284467073,,
ins73_m=2_j=15_t=15_var=13,840,85.0,85.32,95.0,1.515783625719713,,
ins73_m=2_j=15_t=15_var=13,841,85.0,85.5,95.0,1.7748239349298849,,
ins73_m=2_j=15_t=15_var=13,842,85.0,85.4,95.0,1.5491933384829666,,
ins73_m=2_j=15_t=15_var=13,843,85.0,85.44,95.0,1.458218090684655,,
ins73_m=2_j=15_t=15_var=13,844,85.0,85.46,95.0,1.5963708842245903,,
ins73_m=2_j=15_t=15_var=13,845,85.0,85.72,93.0,1.887220177933672,,
ins73_m=2_j=15_t=15_var=13,846,85.0,85.38,95.0,1.4055603864651278,,
ins73_m=2_j=15_t=15_var=13,847,85.0,85.44,93.0,1.4305243793798135,,
ins73_m=2_j=15_t=15_var=13,848,85.0,85.24,91.0,1.068831137270991,,
ins73_m=2_j=15_t=15_var=13,849,85.0,85.4,95.0,1.5999999999999999,,
ins73_m=2_j=15_t=15_var=13,850,85.0,85.68,95.0,2.1395326592506128,,
ins73_m=2_j=15_t=15_var=13,851,85.0,85.5,95.0,1.6340134638368191,,
ins73_m=2_j=15_t=15_var=13,852,85.0,85.38,95.0,1.4613692209705251,,
ins73_m=2_j=15_t=15_var=13,853,85.0,85.26,91.0,0.9232551110067032,,
ins73_m=2_j=15_t=15_var=13,854,85.0,85.56,95.0,1.722324011328879,,
ins73_m=2_j=15_t=15_var=13,855,85.0,85.08,93.0,0.7959899496852959,,
ins73_m=2_j=15_t=15_var=13,856,85.0,85.32,93.0,1.1565465835840767,,
ins73_m=2_j=15_t=15_var=13,857,85.0,85.36,93.0,1.4527215837867902,,
ins73_m=2_j=15_t=15_var=13,858,85.0,85.38,93.0,1.3768079023596573,,
ins73_m=2_j=15_t=15_var=13,859,85.0,85.62,95.0,2.0917934888511343,,
ins73_m=2_j=15_t=15_var=13,860,85.0,85.6,95.0,1.8654758106177636,,
ins73_m=2_j=15_t=15_var=13,861,85.0,85.34,91.0,1.234665946724052,,
ins73_m=2_j=15_t=15_var=13,862,85.0,85.38,95.0,1.5151237573214933,,
ins73_m=2_j=15_t=15_var=13,863,85.0,85.48,95.0,1.6998823488700625,,
ins73_m=2_j=15_t=15_var=13,864,85.0,85.28,93.0,1.2006664815842907,,
ins73_m=2_j=15_t=15_var=13,865,85.0,85.4,95.0,1.6248076809271923,,
ins73_m=2_j=15_t=15_var=13,866,85.0,85.4,95.0,1.5748015748023623,,
ins73_m=2_j=15_t=15_var=13,867,85.0,85.62,95.0,2.033617466486753,,
ins73_m=2_j=15_t=15_var=13,868,85.0,85.28,93.0,1.1668761716651856,,
ins73_m=2_j=15_t=15_var=13,869,85.0,85.28,95.0,1.3272528018429646,,
ins73_m=2_j=15_t=15_var=13,870,85.0,85.44,95.0,1.5640971836813724,,
ins73_m=2_j=15_t=15_var=13,871,85.0,85.6,95.0,1.9078784028338915,,
ins73_m=2_j=15_t=15_var=13,872,85.0,85.32,95.0,1.54194682139171,,
ins73_m=2_j=15_t=15_var=13,873,85.0,85.54,95.0,1.7402298698735175,,
ins73_m=2_j=15_t=15_var=13,874,85.0,85.08,93.0,0.7959899496852959,,
ins73_m=2_j=15_t=15_var=13,875,85.0,85.44,95.0,1.5640971836813724,,
ins73_m=2_j=15_t=15_var=13,876,85.0,85.16,91.0,0.7310266752998824,,
ins73_m=2_j=15_t=15_var=13,877,85.0,85.26,93.0,1.0827742146911332,,
ins73_m=2_j=15_t=15_var=13,878,85.0,85.4,93.0,1.3856406460551018,,
ins73_m=2_j=15_t=15_var=13,879,85.0,85.34,93.0,1.2978443666326096,,
ins73_m=2_j=15_t=15_var=13,880,85.0,85.42,95.0,1.5308820986607687,,
ins73_m=2_j=15_t=15_var=13,881,85.0,85.44,93.0,1.3440238093129155,,
ins73_m=2_j=15_t=15_var=13,882,85.0,85.28,93.0,1.0961751684835777,,
ins73_m=2_j=15_t=15_var=13,883,85.0,85.54,95.0,1.6698502926909347,,
ins73_m=2_j=15_t=15_var=13,884,85.0,85.42,93.0,1.4503792607452712,,
ins73_m=2_j=15_t=15_var=13,885,85.0,85.18,91.0,0.94212525706511,,
ins73_m=2_j=15_t=15_var=13,886,85.0,85.54,95.0,1.8943072612435399,,
ins73_m=2_j=15_t=15_var=13,887,85.0,85.46,93.0,1.519341962824696,,
ins73_m=2_j=15_t=15_var=13,888,85.0,85.4,95.0,1.5491933384829668,,
ins73_m=2_j=15_t=15_var=13,889,85.0,85.52,93.0,1.780337046741431,,
ins73_m=2_j=15_t=15_var=13,890,85.0,85.36,91.0,0.9951884243699781,,
ins73_m=2_j=15_t=15_var=13,891,85.0,85.32,93.0,1.2874781551544865,,
ins73_m=2_j=15_t=15_var=13,892,85.0,85.34,95.0,1.4711899945282387,,
ins73_m=2_j=15_t=15_var=13,893,85.0,85.5,95.0,1.752141546793523,,
ins73_m=2_j=15_t=15_var=13,894,85.0,85.48,93.0,1.5522886329545802,,
ins73_m=2_j=15_t=15_var=13,895,85.0,85.6,95.0,2.0099751242241783,,
ins73_m=2_j=15_t=15_var=13,896,85.0,85.4,93.0,1.4696938456699067,,
ins73_m=2_j=15_t=15_var=13,897,85.0,85.3,93.0,1.3379088160259651,,
ins73_m=2_j=15_t=15_var=13,898,85.0,85.46,95.0,1.6698502926909342,,
ins73_m=2_j=15_t=15_var=13,899,85.0,85.3,93.0,1.2449899597988732,,
ins73_m=2_j=15_t=15_var=13,900,85.0,85.26,91.0,0.9232551110067032,,
ins73_m=2_j=15_t=15_var=13,901,85.0,85.32,95.0,1.4062716664997554,,
ins73_m=2_j=15_t=15_var=13,902,85.0,85.56,95.0,2.001599360511489,,
ins73_m=2_j=15_t=15_var=13,903,85.0,85.46,95.0,1.693635143707168,,
ins73_m=2_j=15_t=15_var=13,904,85.0,85.3,91.0,1.1445523142259597,,
ins73_m=2_j=15_t=15_var=13,905,85.0,85.52,93.0,1.6642115250171774,,
ins73_m=2_j=15_t=15_var=13,906,85.0,85.44,93.0,1.4022838514366482,,
ins73_m=2_j=15_t=15_var=13,907,85.0,85.4,93.0,1.4696938456699067,,
ins73_m=2_j=15_t=15_var=13,908,85.0,85.26,95.0,1.285457117137713,,
ins73_m=2_j=15_t=15_var=13,909,85.0,85.54,93.0,1.6212340978402844,,
ins73_m=2_j=15_t=15_var=13,910,85.0,85.68,95.0,1.922914454675506,,
ins73_m=2_j=15_t=15_var=13,911,85.0,85.36,93.0,1.396567220007687,,
ins73_m=2_j=15_t=15_var=13,912,85.0,85.26,93.0,1.1191067866830227,,
ins73_m=2_j=15_t=15_var=13,913,85.0,85.44,93.0,1.4305243793798132,,
ins73_m=2_j=15_t=15_var=13,914,85.0,85.62,93.0,1.713359273474189,,
ins73_m=2_j=15_t=15_var=13,915,85.0,85.6,95.0,1.8000000000000003,,
ins73_m=2_j=15_t=15_var=13,916,85.0,85.5,95.0,1.797220075561143,,
ins73_m=2_j=15_t=15_var=13,917,85.0,85.42,93.0,1.4503792607452712,,
ins73_m=2_j=15_t=15_var=13,918,85.0,85.24,91.0,0.9911609354691095,,
ins73_m=2_j=15_t=15_var=13,919,85.0,85.34,95.0,1.3283071933856263,,
ins73_m=2_j=15_t=15_var=13,920,85.0,85.44,93.0,1.512084653714864,,
ins73_m=2_j=15_t=15_var=13,921,85.0,85.26,91.0,1.1191067866830227,,
ins73_m=2_j=15_t=15_var=13,922,85.0,85.54,93.0,1.7170905625505024,,
ins73_m=2_j=15_t=15_var=13,923,85.0,85.48,93.0,1.4455448799674122,,
ins73_m=2_j=15_t=15_var=13,924,85.0,85.14,91.0,0.7618398781896363,,
ins73_m=2_j=15_t=15_var=13,925,85.0,85.56,95.0,1.8128430709799457,,
ins73_m=2_j=15_t=15_var=13,926,85.0,85.32,93.0,1.2560254774486064,,
ins73_m=2_j=15_t=15_var=13,927,85.0,85.28,93.0,1.2006664815842907,,
ins73_m=2_j=15_t=15_var=13,928,85.0,85.64,95.0,2.0372530525194947,,
ins73_m=2_j=15_t=15_var=13,929,85.0,85.58,95.0,1.7954386650621066,,
ins73_m=2_j=15_t=15_var=13,930,85.0,85.56,95.0,1.8347751905887546,,
ins73_m=2_j=15_t=15_var=13,931,85.0,85.18,91.0,0.8529947244854448,,
ins73_m=2_j=15_t=15_var=13,932,85.0,85.68,93.0,1.7485994395515514,,
ins73_m=2_j=15_t=15_var=13,933,85.0,85.4,95.0,1.5491933384829668,,
ins73_m=2_j=15_t=15_var=13,934,85.0,85.24,93.0,1.1412274094149686,,
ins73_m=2_j=15_t=15_var=13,935,85.0,85.34,93.0,1.3580868897091967,,
ins73_m=2_j=15_t=15_var=13,936,85.0,85.26,93.0,1.1191067866830227,,
ins73_m=2_j=15_t=15_var=13,937,85.0,85.36,95.0,1.4249210504445502,,
ins73_m=2_j=15_t=15_var=13,938,85.0,85.34,91.0,1.133313725320575,,
ins73_m=2_j=15_t=15_var=13,939,85.0,85.68,95.0,1.9843386807699936,,
ins73_m=2_j=15_t=15_var=13,940,85.0,85.5,95.0,1.6822603841260722,,
ins73_m=2_j=15_t=15_var=13,941,85.0,85.38,95.0,1.5412981541544775,,
ins73_m=2_j=15_t=15_var=13,942,85.0,85.34,91.0,1.2666491226855208,,
ins73_m=2_j=15_t=15_var=13,943,85.0,85.3,91.0,1.1090536506409416,,
ins73_m=2_j=15_t=15_var=13,944,85.0,85.32,91.0,1.1214276615100949,,
ins73_m=2_j=15_t=15_var=13,945,85.0,85.36,91.0,1.3380582946942186,,
ins73_m=2_j=15_t=15_var=13,946,85.0,85.28,93.0,1.3272528018429646,,
ins73_m=2_j=15_t=15_var=13,947,85.0,85.24,95.0,1.241933975700802,,
ins73_m=2_j=15_t=15_var=13,948,85.0,85.32,91.0,1.1214276615100949,,
ins73_m=2_j=15_t=15_var=13,949,85.0,85.34,93.0,1.328307193385626,,
ins73_m=2_j=15_t=15_var=13,950,85.0,85.58,93.0,1.7503142574977788,,
ins73_m=2_j=15_t=15_var=13,951,85.0,85.24,91.0,1.068831137270991,,
ins73_m=2_j=15_t=15_var=13,952,85.0,85.22,89.0,0.7947326594522213,,
ins73_m=2_j=15_t=15_var=13,953,85.0,85.5,93.0,1.5066519173319364,,
ins73_m=2_j=15_t=15_var=13,954,85.0,85.36,91.0,1.2126005112979295,,
ins73_m=2_j=15_t=15_var=13,955,85.0,85.38,91.0,1.3474420210161178,,
ins73_m=2_j=15_t=15_var=13,956,85.0,85.28,93.0,1.0961751684835779,,
ins73_m=2_j=15_t=15_var=13,957,85.0,85.24,95.0,1.2419339757008019,,
ins73_m=2_j=15_t=15_var=13,958,85.0,85.16,91.0,0.8333066662399862,,
ins73_m=2_j=15_t=15_var=13,959,85.0,85.42,91.0,1.2097933707869288,,
ins73_m=2_j=15_t=15_var=13,960,85.0,85.44,93.0,1.4022838514366482,,
ins73_m=2_j=15_t=15_var=13,961,85.0,85.54,95.0,1.6698502926909344,,
ins73_m=2_j=15_t=15_var=13,962,85.0,85.5,93.0,1.6583123951777,,
ins73_m=2_j=15_t=15_var=13,963,85.0,85.44,91.0,1.2515590277729614,,
ins73_m=2_j=15_t=15_var=13,964,85.0,85.34,93.0,1.3872274507087867,,
ins73_m=2_j=15_t=15_var=13,965,85.0,85.26,91.0,1.1884443613396467,,
ins73_m=2_j=15_t=15_var=13,966,85.0,85.28,91.0,1.1668761716651856,,
ins73_m=2_j=15_t=15_var=13,967,85.0,85.44,93.0,1.6390240998838304,,
ins73_m=2_j=15_t=15_var=13,968,85.0,85.52,95.0,1.7577258034175864,,
ins73_m=2_j=15_t=15_var=13,969,85.0,85.7,95.0,2.251666049839541,,
ins73_m=2_j=15_t=15_var=13,970,85.0,85.16,89.0,0.6740919818541086,,
ins73_m=2_j=15_t=15_var=13,971,85.0,85.56,93.0,1.6989408465276241,,
ins73_m=2_j=15_t=15_var=13,972,85.0,85.4,91.0,1.296148139681572,,
ins73_m=2_j=15_t=15_var=13,973,85.0,85.52,95.0,1.7348198753761153,,
ins73_m=2_j=15_t=15_var=13,974,85.0,85.26,95.0,1.3462540622037136,,
ins73_m=2_j=15_t=15_var=13,975,85.0,85.86,95.0,2.23168098078556,,
ins73_m=2_j=15_t=15_var=13,976,85.0,85.46,95.0,1.693635143707168,,
ins73_m=2_j=15_t=15_var=13,977,85.0,85.12,93.0,0.8863407922464135,,
ins73_m=2_j=15_t=15_var=13,978,85.0,85.3,91.0,1.0723805294763609,,
ins73_m=2_j=15_t=15_var=13,979,85.0,85.4,93.0,1.3856406460551016,,
ins73_m=2_j=15_t=15_var=13,980,85.0,85.22,93.0,1.0916043239196151,,
ins73_m=2_j=15_t=15_var=13,981,85.0,85.48,93.0,1.5778466338652815,,
ins73_m=2_j=15_t=15_var=13,982,85.0,85.34,93.0,1.4437451298619157,,
ins73_m=2_j=15_t=15_var=13,983,85.0,85.72,93.0,1.7780888616714294,,
ins73_m=2_j=15_t=15_var=13,984,85.0,85.4,95.0,1.4696938456699067,,
ins73_m=2_j=15_t=15_var=13,985,85.0,85.28,91.0,1.1320777358467926,,
ins73_m=2_j=15_t=15_var=13,986,85.0,85.32,93.0,1.3481839637082171,,
ins73_m=2_j=15_t=15_var=13,987,85.0,85.32,91.0,1.2237646832622684,,
ins73_m=2_j=15_t=15_var=13,988,85.0,85.24,91.0,0.9499473669630333,,
ins73_m=2_j=15_t=15_var=13,989,85.0,85.44,93.0,1.4022838514366482,,
ins73_m=2_j=15_t=15_var=13,990,85.0,85.4,91.0,1.296148139681572,,
ins73_m=2_j=15_t=15_var=13,991,85.0,85.56,93.0,1.6267759526130203,,
ins73_m=2_j=15_t=15_var=13,992,85.0,85.38,91.0,1.189789897418868,,
ins73_m=2_j=15_t=15_var=13,993,85.0,85.3,95.0,1.2767145334803707,,
ins73_m=2_j=15_t=15_var=13,994,85.0,85.58,95.0,1.8394564414522028,,
ins73_m=2_j=15_t=15_var=13,995,85.0,85.68,95.0,2.024252948620799,,
ins73_m=2_j=15_t=15_var=13,996,85.0,85.4,95.0,1.469693845669907,,
ins73_m=2_j=15_t=15_var=13,997,85.0,85.26,93.0,1.0827742146911332,,
ins73_m=2_j=15_t=15_var=13,998,85.0,85.48,93.0,1.5778466338652815,,
ins73_m=2_j=15_t=15_var=13,999,85.0,85.5,93.0,1.5066519173319364,,
ins73_m=2_j=15_t=15_var=13,1000,85.0,85.22,91.0,0.975499871860576,2.3520379066467285,85.0
